time(sec),pressure-1(bar),pressure-2(bar),pressure-3(bar),flow_rate_1(LPM),flow_rate_2(LPM)
0.000,0.372,-1.847,1.145,305.276,977.132
0.048,0.374,-1.807,2.212,304.978,977.050
0.098,0.373,-1.813,1.474,305.691,978.030
0.148,0.374,-1.954,2.439,305.689,978.728
0.198,0.375,-1.924,2.662,304.890,977.195
0.249,0.373,-1.818,2.616,304.992,978.173
0.298,0.378,-1.768,2.662,305.451,977.502
0.348,0.379,-1.726,1.231,305.302,977.888
0.398,0.373,-1.815,3.023,305.726,977.819
0.448,0.374,-1.834,2.426,305.547,977.485
0.498,0.383,-1.811,1.739,305.287,977.293
0.548,0.381,-1.730,2.363,305.042,977.158
0.598,0.374,-1.905,2.547,305.482,976.261
0.648,0.376,-1.975,3.742,305.716,977.071
0.698,0.374,-2.111,1.953,305.107,976.467
0.749,0.375,-1.730,1.345,305.811,978.103
0.798,0.378,-2.039,2.797,305.232,976.762
0.848,0.380,-1.871,2.435,305.561,976.288
0.898,0.376,-1.856,2.852,305.365,975.718
0.948,0.380,-1.776,5.449,304.913,976.288
0.998,0.380,-1.932,2.055,305.778,975.834
1.048,0.382,-1.791,1.910,305.065,976.042
1.098,0.378,-1.889,2.291,305.333,975.712
1.148,0.376,-1.887,2.045,305.613,974.997
1.198,0.381,-1.740,2.071,304.725,974.825
1.248,0.379,-1.945,2.573,305.882,974.522
1.298,0.381,-1.768,2.386,305.451,976.337
1.348,0.382,-1.740,2.875,304.959,976.320
1.398,0.373,-1.880,2.462,305.411,976.002
1.449,0.375,-1.916,2.110,304.912,975.085
1.498,0.379,-1.819,2.596,305.384,975.442
1.548,0.380,-1.734,2.133,305.325,975.794
1.598,0.375,-1.901,2.498,304.956,976.399
1.648,0.377,-1.982,2.084,305.591,976.761
1.699,0.380,-1.911,2.028,305.027,976.666
1.748,0.384,-1.712,1.559,305.415,975.921
1.798,0.377,-1.783,2.603,305.474,975.363
1.848,0.377,-1.818,2.038,304.912,975.491
1.898,0.381,-1.934,4.166,305.730,976.446
1.949,0.382,-1.918,2.114,304.953,977.976
1.998,0.378,-1.922,1.805,305.226,977.579
2.048,0.380,-1.982,2.603,305.672,977.034
2.098,0.379,-2.076,2.107,304.897,976.998
2.148,0.378,-1.775,2.288,305.522,977.813
2.198,0.382,-1.838,3.187,305.339,978.090
2.248,0.382,-1.848,2.275,304.962,978.588
2.298,0.376,-1.753,2.038,305.660,978.461
2.348,0.377,-1.929,2.406,304.573,978.319
2.398,0.382,-2.022,2.064,305.421,978.073
2.448,0.382,-1.884,1.884,305.401,979.679
2.498,0.387,-1.820,9.511,304.807,981.213
2.548,0.384,-1.835,2.216,305.573,982.187
2.598,0.388,-1.792,2.393,305.113,981.306
2.649,0.387,-1.765,0.915,305.393,981.396
2.698,0.382,-1.873,2.275,305.524,981.775
2.749,0.384,-1.861,1.973,304.566,981.991
2.798,0.376,-1.914,2.160,305.467,982.367
2.848,0.373,-1.903,2.110,305.208,983.143
2.898,0.382,-1.924,2.229,304.916,983.768
2.948,0.381,-1.925,2.025,305.341,983.523
2.998,0.377,-1.753,-2.342,305.170,983.192
3.048,0.377,-1.774,2.564,305.278,983.399
3.098,0.379,-1.968,2.314,304.818,984.459
3.148,0.380,-1.752,2.324,304.912,984.974
3.198,0.377,-1.985,2.429,305.483,984.389
3.249,0.377,-2.068,1.588,304.638,983.868
3.298,0.381,-1.950,2.022,305.246,984.007
3.348,0.379,-1.805,2.153,304.715,984.129
3.398,0.383,-1.938,1.940,304.558,984.814
3.449,0.383,-1.744,2.629,305.162,985.072
3.498,0.378,-1.982,1.920,304.735,986.499
3.548,0.379,-1.844,9.054,305.122,986.090
3.598,0.375,-1.816,2.143,304.800,985.577
3.648,0.376,-1.743,1.890,304.962,985.319
3.698,0.379,-1.856,2.087,305.377,987.238
3.749,0.378,-1.906,6.763,304.355,987.579
3.798,0.389,-2.058,2.429,304.663,986.772
3.849,0.390,-1.823,-5.122,305.035,986.581
3.898,0.377,-1.836,2.202,304.721,986.693
3.948,0.375,-2.047,2.199,305.354,986.129
3.998,0.376,-1.815,2.409,304.956,986.612
4.048,0.376,-1.835,1.680,304.884,986.713
4.098,0.374,-1.737,0.374,305.295,986.938
4.148,0.375,-1.756,2.038,304.647,986.019
4.198,0.375,-1.952,1.762,305.403,984.630
4.248,0.379,-1.996,2.504,304.579,984.682
4.298,0.380,-1.997,2.061,305.596,984.860
4.348,0.380,-1.944,2.271,305.426,985.873
4.398,0.384,-1.789,1.273,304.414,985.857
4.448,0.386,-1.790,2.501,305.426,986.039
4.498,0.389,-1.708,1.247,304.995,985.847
4.548,0.374,-1.733,2.390,305.168,985.805
4.598,0.377,-1.928,2.032,305.403,985.864
4.648,0.378,-1.942,2.225,304.782,987.093
4.698,0.384,-1.979,2.370,305.225,987.197
4.748,0.380,-1.992,2.439,305.387,985.775
4.798,0.379,-1.954,0.935,304.322,984.940
4.848,0.381,-1.937,1.116,304.943,985.729
4.898,0.380,-1.851,2.104,304.254,985.403
4.948,0.381,-1.906,2.193,304.251,986.460
4.999,0.381,-1.826,2.481,304.885,986.280
5.049,0.380,-1.684,2.124,304.093,985.365
5.098,0.383,-1.892,2.042,304.943,984.584
5.149,0.386,-1.840,1.881,304.405,985.003
5.199,0.388,-1.980,1.881,304.867,984.756
5.248,0.390,-1.843,1.950,304.172,984.872
5.298,0.389,-1.720,2.143,304.026,986.240
5.348,0.388,-1.823,2.124,304.871,986.562
5.398,0.389,-1.758,1.818,304.296,984.795
5.448,0.400,-1.877,2.012,304.623,984.684
5.498,0.400,-1.742,2.462,304.878,985.888
5.548,0.397,-1.839,2.268,304.592,985.274
5.598,0.398,-1.785,2.087,304.647,987.399
5.648,0.406,-1.826,2.360,304.129,987.494
5.698,0.407,-1.558,2.301,304.488,987.501
5.748,0.408,-1.762,2.350,304.502,986.585
5.798,0.408,-1.953,1.277,304.303,986.620
5.848,0.409,-1.726,4.031,304.617,987.110
5.898,0.409,-1.798,-4.817,304.772,988.229
5.948,0.408,-1.667,1.887,304.235,988.055
5.998,0.409,-1.978,2.337,304.878,988.597
6.048,0.411,-1.763,5.919,304.196,988.771
6.098,0.412,-1.647,3.164,304.604,989.282
6.148,0.410,-1.723,2.623,304.569,989.972
6.198,0.412,-1.908,2.583,304.399,990.436
6.248,0.406,-1.872,2.547,304.972,989.539
6.298,0.405,-1.737,2.298,304.331,990.451
6.348,0.401,-1.930,2.370,304.523,988.769
6.398,0.403,-1.815,2.242,304.845,990.048
6.448,0.412,-1.914,2.419,304.157,989.941
6.499,0.416,-1.882,1.257,304.881,990.649
6.548,0.410,-1.872,-1.504,304.273,990.897
6.600,0.410,-1.807,2.744,304.636,990.592
6.648,0.405,-1.769,2.869,303.973,990.145
6.698,0.404,-1.856,1.802,304.166,989.688
6.748,0.415,-1.763,2.698,304.295,990.777
6.799,0.416,-2.031,2.206,304.535,990.790
6.848,0.415,-1.795,2.393,304.081,989.846
6.899,0.414,-1.835,4.835,304.869,988.839
6.949,0.415,-1.618,2.439,304.305,989.057
6.998,0.416,-1.797,2.058,304.373,987.624
7.048,0.422,-1.740,2.275,303.964,987.114
7.098,0.418,-1.799,8.483,304.062,987.970
7.149,0.421,-1.757,2.209,304.790,987.673
7.198,0.419,-1.826,4.809,304.670,985.801
7.248,0.420,-1.787,2.298,304.210,985.742
7.299,0.417,-1.695,2.462,304.037,986.402
7.348,0.423,-1.918,2.508,303.889,986.849
7.398,0.424,-1.904,2.367,304.437,987.255
7.448,0.426,-2.019,2.183,303.993,987.343
7.499,0.427,-2.006,2.829,304.190,986.573
7.548,0.430,-1.736,-3.927,304.218,987.088
7.598,0.428,-1.881,2.862,303.927,986.288
7.648,0.434,-2.022,1.838,304.678,987.175
7.698,0.433,-1.969,3.017,304.543,987.416
7.749,0.425,-1.970,2.353,304.184,987.289
7.798,0.425,-1.927,2.324,304.834,986.131
7.849,0.430,-1.704,3.151,304.219,987.447
7.899,0.431,-1.740,2.616,304.636,986.233
7.949,0.436,-1.728,1.697,304.340,986.940
7.999,0.434,-1.745,2.081,304.451,987.834
8.048,0.434,-1.903,2.409,304.897,987.095
8.098,0.434,-1.948,3.903,304.389,986.655
8.148,0.434,-1.651,2.695,304.807,987.838
8.198,0.432,-1.796,2.324,304.691,986.433
8.248,0.429,-1.859,9.796,304.184,987.283
8.298,0.427,-2.071,2.708,304.805,987.472
8.348,0.431,-1.946,2.383,304.119,987.732
8.398,0.431,-1.747,2.120,304.487,989.318
8.448,0.435,-1.990,2.064,304.551,989.287
8.498,0.433,-1.863,2.360,303.892,990.598
8.548,0.430,-1.642,2.564,305.089,992.174
8.598,0.429,-1.972,2.527,304.463,993.653
8.648,0.436,-1.772,2.225,304.343,994.365
8.698,0.436,-1.759,2.390,304.730,994.122
8.748,0.437,-1.963,0.938,304.415,993.500
8.799,0.437,-1.824,2.442,304.676,994.235
8.848,0.427,-1.759,14.271,304.826,995.106
8.898,0.424,-1.899,2.541,303.924,995.998
8.948,0.425,-1.885,2.685,304.831,995.916
8.999,0.423,-1.803,1.992,304.368,996.409
9.049,0.438,-1.876,1.198,304.838,996.401
9.098,0.439,-1.834,2.005,304.612,996.031
9.149,0.435,-1.837,2.107,304.494,996.688
9.198,0.436,-1.969,-1.304,304.512,997.670
9.249,0.427,-1.807,2.042,304.149,997.938
9.299,0.428,-1.873,2.682,304.682,998.171
9.348,0.430,-1.854,2.527,305.040,996.511
9.399,0.431,-1.744,2.872,304.102,997.965
9.449,0.424,-1.822,1.936,304.684,999.562
9.498,0.425,-1.838,2.655,304.339,1001.127
9.548,0.426,-1.751,2.587,304.439,1002.169
9.598,0.423,-1.818,2.429,304.635,1001.982
9.648,0.432,-1.766,2.478,304.075,1001.350
9.698,0.432,-1.712,2.931,304.947,1001.746
9.748,0.428,-1.863,0.814,304.547,1002.769
9.798,0.428,-2.010,2.537,304.069,1003.417
9.848,0.427,-1.978,2.347,304.752,1003.525
9.898,0.423,-1.995,2.137,304.319,1002.557
9.949,0.431,-1.789,4.602,304.944,1002.253
9.998,0.429,-1.733,3.752,304.486,1002.248
10.048,0.433,-1.848,2.688,304.213,1003.087
10.099,0.433,-1.884,2.721,304.744,1003.266
10.148,0.435,-1.909,2.629,304.006,1003.633
10.198,0.433,-1.791,3.056,304.340,1002.703
10.248,0.433,-1.921,2.498,304.394,1002.726
10.298,0.430,-1.770,2.383,304.335,1001.737
10.348,0.433,-1.794,2.836,304.843,1002.993
10.398,0.438,-1.794,2.370,304.089,1003.888
10.448,0.435,-1.777,1.766,304.256,1005.166
10.498,0.433,-1.845,2.567,304.661,1005.762
10.548,0.426,-1.786,2.984,304.120,1005.181
10.599,0.427,-1.780,2.790,304.829,1005.959
10.648,0.425,-1.688,2.265,304.214,1006.562
10.699,0.425,-1.817,2.655,304.295,1007.603
10.748,0.426,-1.902,2.173,304.680,1007.712
10.799,0.427,-1.735,2.590,304.029,1007.265
10.849,0.425,-1.775,1.690,304.506,1007.027
10.898,0.426,-1.995,2.603,304.578,1008.794
10.948,0.424,-1.843,-1.619,304.373,1009.565
10.998,0.427,-1.855,-5.651,304.861,1012.039
11.048,0.434,-1.804,2.357,303.976,1012.991
11.098,0.434,-1.752,2.596,304.284,1012.519
11.148,0.435,-1.800,1.628,304.728,1012.907
11.199,0.436,-1.791,2.902,304.259,1013.080
11.248,0.427,-1.777,2.399,304.941,1014.070
11.298,0.429,-1.787,1.408,304.277,1015.175
11.348,0.430,-1.775,2.833,304.442,1015.210
11.399,0.430,-1.833,1.746,304.609,1014.407
11.448,0.428,-1.909,2.987,304.047,1013.704
11.498,0.427,-1.929,2.291,304.660,1013.226
11.549,0.433,-1.777,1.828,304.104,1013.713
11.598,0.434,-1.784,2.652,304.207,1014.855
11.648,0.441,-1.940,2.028,304.735,1014.635
11.698,0.439,-1.848,2.110,304.045,1013.916
11.748,0.431,-1.806,2.731,304.722,1013.170
11.798,0.431,-1.820,14.278,304.625,1012.811
11.849,0.425,-1.726,6.979,304.925,1014.080
11.898,0.425,-1.722,2.613,304.273,1016.403
11.948,0.432,-1.918,2.055,304.108,1020.306
11.999,0.431,-1.720,2.564,304.715,1022.133
12.049,0.424,-1.699,2.609,304.048,1022.888
12.099,0.426,-1.745,2.324,304.863,1024.049
12.148,0.431,-1.836,6.927,304.999,1025.223
12.198,0.430,-1.776,2.613,304.107,1025.480
12.249,0.433,-1.929,3.010,304.737,1027.423
12.298,0.434,-1.750,2.491,304.748,1027.358
12.348,0.428,-1.823,2.170,304.111,1064.438
12.398,0.428,-1.849,2.580,304.760,1092.175
12.448,0.430,-1.924,2.478,304.289,1084.863
12.498,0.431,-1.852,2.550,304.376,1074.428
12.548,0.440,-1.673,2.596,304.087,1062.224
12.598,0.441,-1.885,2.869,304.029,1054.604
12.648,0.427,-1.805,3.483,304.989,1047.424
12.698,0.427,-1.834,1.792,304.415,1041.797
12.748,0.426,-1.849,1.214,304.243,1037.960
12.799,0.424,-1.907,4.133,304.482,1035.096
12.848,0.424,-1.807,3.128,303.918,1032.950
12.898,0.426,-1.767,11.451,304.447,1028.873
12.948,0.430,-1.793,2.324,304.271,1025.627
12.998,0.427,-1.810,1.959,304.376,1022.850
13.048,0.435,-1.843,2.311,304.904,1021.657
13.098,0.436,-1.799,2.350,304.167,1019.664
13.148,0.441,-1.919,1.884,304.311,1020.349
13.198,0.442,-1.724,2.344,304.107,1019.113
13.249,0.437,-1.815,2.035,304.291,1017.831
13.298,0.434,-1.825,-0.024,304.843,1016.597
13.348,0.437,-1.816,2.445,304.114,1016.395
13.398,0.438,-1.849,1.785,304.707,1017.449
13.449,0.427,-1.804,4.284,304.664,1018.966
13.498,0.426,-1.727,2.715,304.140,1019.754
13.549,0.429,-1.868,2.613,305.022,1019.920
13.598,0.430,-1.881,9.773,304.642,1019.633
13.648,0.431,-1.853,2.994,304.350,1020.017
13.698,0.432,-1.767,0.991,304.735,1020.450
13.748,0.434,-1.697,2.544,304.153,1021.767
13.798,0.436,-1.684,1.894,304.789,1021.466
13.848,0.429,-1.806,2.606,304.599,1020.711
13.898,0.429,-1.856,2.580,304.183,1021.101
13.948,0.431,-1.759,2.754,304.862,1021.937
13.998,0.428,-1.655,2.701,304.704,1021.434
14.048,0.429,-1.755,2.449,304.911,1023.491
14.098,0.429,-1.753,2.672,304.143,1023.442
14.148,0.426,-1.839,2.550,304.033,1023.176
14.198,0.425,-1.687,2.311,304.177,1023.385
14.248,0.433,-1.720,2.153,304.367,1022.630
14.298,0.432,-1.775,2.583,305.039,1023.579
14.348,0.428,-1.879,2.603,304.218,1023.081
14.398,0.427,-1.719,2.577,304.136,1024.936
14.448,0.430,-1.796,2.209,304.966,1024.205
14.498,0.432,-1.752,2.222,304.145,1024.106
14.548,0.429,-1.681,2.058,304.643,1023.808
14.598,0.430,-1.745,2.084,304.832,1024.763
14.648,0.430,-1.850,2.984,304.228,1026.154
14.698,0.428,-1.648,-0.483,304.833,1025.066
14.748,0.425,-1.875,1.030,304.316,1025.006
14.798,0.423,-1.699,6.027,304.145,1024.469
14.848,0.433,-1.743,1.753,305.018,1024.923
14.899,0.434,-1.768,2.695,304.215,1026.357
14.949,0.428,-1.742,-0.086,304.793,1027.952
14.998,0.429,-1.675,2.912,304.586,1028.600
15.048,0.435,-1.770,3.686,304.597,1028.884
15.098,0.436,-1.662,2.751,304.748,1028.781
15.149,0.440,-1.753,6.812,304.104,1028.571
15.198,0.441,-1.755,1.841,304.298,1030.883
15.248,0.426,-1.658,4.133,304.411,1031.000
15.299,0.425,-1.682,1.966,304.262,1030.910
15.349,0.425,-1.773,1.116,304.741,1030.914
15.398,0.424,-1.708,0.840,304.414,1031.361
15.448,0.427,-1.628,2.035,304.465,1032.329
15.499,0.427,-1.790,2.481,303.937,1031.977
15.548,0.427,-1.796,2.462,304.219,1034.207
15.598,0.426,-1.694,2.055,305.048,1034.474
15.648,0.426,-1.802,2.514,304.116,1034.749
15.698,0.428,-1.713,1.822,304.334,1034.053
15.748,0.431,-1.766,2.537,304.622,1033.849
15.798,0.428,-1.867,9.869,304.096,1034.558
15.848,0.427,-1.815,12.006,304.538,1034.382
15.899,0.428,-1.818,2.777,304.252,1034.554
15.948,0.426,-1.657,2.498,304.532,1035.044
15.999,0.431,-1.771,2.721,304.537,1034.392
16.048,0.432,-1.556,2.462,304.133,1033.888
16.098,0.432,-1.801,2.212,304.808,1033.035
16.148,0.432,-1.661,2.429,304.761,1035.235
16.198,0.431,-1.739,2.790,304.411,1034.984
16.248,0.431,-1.818,0.098,304.767,1034.384
16.299,0.431,-1.816,3.916,304.135,1034.157
16.348,0.428,-1.724,1.171,305.048,1033.300
16.398,0.431,-1.710,2.357,304.158,1033.241
16.448,0.431,-1.682,13.004,304.148,1035.224
16.499,0.425,-1.751,2.061,303.973,1033.472
16.548,0.423,-1.786,2.163,304.334,1035.206
16.598,0.426,-1.574,2.462,304.525,1034.491
16.648,0.428,-1.597,2.071,304.694,1034.533
16.698,0.427,-1.735,-0.746,304.107,1035.540
16.748,0.426,-1.643,2.347,304.726,1035.912
16.798,0.430,-1.814,1.746,304.252,1034.892
16.848,0.429,-1.685,2.442,304.256,1035.663
16.899,0.432,-1.897,2.780,304.042,1036.528
16.949,0.431,-1.636,2.613,304.049,1035.844
16.998,0.427,-1.738,2.202,304.442,1037.839
17.049,0.426,-1.728,3.956,303.985,1038.246
17.098,0.432,-1.661,2.435,304.457,1039.270
17.148,0.435,-1.725,1.175,304.748,1038.974
17.198,0.432,-1.706,2.550,304.147,1038.689
17.248,0.433,-1.752,1.989,304.845,1038.682
17.299,0.430,-1.804,2.547,304.432,1038.832
17.348,0.430,-1.609,2.504,304.265,1040.124
17.398,0.427,-1.601,2.642,304.744,1041.275
17.448,0.431,-1.721,2.603,304.565,1041.206
17.498,0.429,-1.674,3.434,304.351,1041.358
17.549,0.427,-1.636,2.245,304.197,1041.836
17.599,0.432,-1.736,0.994,304.406,1042.251
17.648,0.433,-1.693,2.698,305.002,1043.962
17.698,0.442,-1.785,1.342,304.148,1043.364
17.749,0.440,-1.653,2.258,304.894,1044.628
17.798,0.440,-1.774,2.626,304.774,1043.560
17.848,0.443,-1.541,-0.119,304.351,1043.548
17.899,0.430,-1.858,2.409,304.370,1043.382
17.948,0.430,-1.741,2.304,304.522,1044.723
17.999,0.434,-1.791,2.429,304.668,1043.891
18.048,0.432,-1.775,2.892,304.900,1044.095
18.098,0.433,-1.602,2.370,304.246,1044.274
18.148,0.433,-1.787,2.340,304.484,1043.303
18.198,0.431,-1.685,2.701,304.697,1043.786
18.248,0.432,-1.806,2.399,304.776,1043.341
18.298,0.431,-1.614,2.826,304.879,1044.604
18.348,0.431,-1.765,2.636,304.353,1044.597
18.398,0.426,-1.849,2.780,304.561,1043.658
18.448,0.425,-1.739,8.674,304.665,1043.453
18.498,0.424,-2.002,3.299,304.857,1043.254
18.548,0.424,-1.819,-0.923,304.827,1044.916
18.598,0.432,-1.669,2.629,304.370,1043.655
18.648,0.432,-1.775,2.619,304.704,1044.936
18.698,0.434,-1.746,2.127,304.346,1045.166
18.748,0.432,-1.834,-2.348,304.111,1043.623
18.798,0.430,-1.645,2.557,304.743,1043.945
18.849,0.429,-1.825,9.068,304.363,1043.799
18.898,0.433,-1.754,2.642,304.142,1045.330
18.948,0.433,-1.774,2.104,304.138,1045.651
18.999,0.430,-1.643,2.068,304.133,1045.526
19.048,0.432,-1.709,2.235,304.616,1045.256
19.098,0.431,-1.732,2.137,303.885,1044.792
19.148,0.432,-1.704,2.432,304.396,1045.821
19.198,0.432,-1.670,2.472,304.551,1046.424
19.248,0.433,-1.852,1.818,304.700,1046.151
19.298,0.430,-1.773,2.334,304.844,1045.650
19.348,0.430,-1.762,2.547,304.617,1044.897
19.399,0.436,-1.754,2.511,304.433,1045.212
19.448,0.438,-1.720,2.074,304.816,1046.148
19.498,0.437,-1.768,2.327,304.036,1046.846
19.548,0.438,-1.798,2.508,304.717,1046.642
19.598,0.437,-1.789,2.426,304.642,1045.849
19.648,0.437,-1.763,1.408,304.110,1045.241
19.698,0.431,-1.755,1.818,304.450,1045.775
19.749,0.433,-1.785,2.554,304.340,1045.954
19.798,0.432,-1.709,0.958,304.715,1047.691
19.849,0.430,-1.894,2.570,303.853,1046.913
19.898,0.438,-1.706,0.367,304.060,1046.633
19.948,0.437,-1.713,3.079,304.844,1045.378
19.999,0.436,-1.835,2.042,304.066,1046.147
20.048,0.437,-1.640,1.940,304.745,1045.598
20.098,0.429,-1.676,2.793,304.561,1046.406
20.148,0.430,-1.681,2.606,304.511,1046.731
20.198,0.431,-1.800,2.514,304.520,1044.941
20.248,0.429,-1.606,1.572,304.415,1044.978
20.298,0.435,-1.673,2.718,304.295,1045.184
20.348,0.433,-1.689,2.084,304.763,1045.733
20.398,0.438,-1.658,2.291,304.050,1046.054
20.448,0.439,-1.784,2.435,304.543,1044.713
20.498,0.429,-1.688,2.701,304.565,1044.212
20.548,0.430,-1.681,1.782,304.240,1042.880
20.599,0.427,-1.761,2.465,304.032,1043.914
20.648,0.429,-1.673,2.002,304.186,1043.852
20.699,0.425,-1.736,2.912,304.712,1044.084
20.748,0.430,-1.715,3.217,304.688,1043.521
20.799,0.427,-1.768,2.806,304.315,1043.592
20.849,0.427,-1.733,2.229,304.245,1043.941
20.899,0.432,-1.912,2.426,304.153,1041.810
20.949,0.432,-1.922,2.596,304.769,1041.723
20.998,0.429,-1.805,1.936,304.127,1041.558
21.049,0.429,-1.838,2.537,304.095,1041.881
21.098,0.429,-1.718,2.376,304.641,1040.770
21.148,0.429,-1.763,2.564,304.071,1040.507
21.198,0.434,-1.836,1.838,304.899,1040.082
21.248,0.436,-1.831,2.472,304.853,1040.431
21.298,0.430,-1.759,2.498,304.273,1040.645
21.348,0.429,-1.768,2.353,304.688,1040.781
21.398,0.428,-1.825,2.738,304.408,1039.808
21.448,0.431,-1.772,2.682,304.239,1038.814
21.498,0.433,-1.799,2.590,304.849,1038.487
21.548,0.435,-1.783,2.367,304.054,1038.584
21.598,0.432,-1.748,3.365,304.994,1039.407
21.648,0.433,-1.823,3.122,304.669,1039.211
21.698,0.432,-1.823,2.442,303.996,1038.430
21.748,0.432,-1.677,2.524,304.557,1039.023
21.798,0.442,-1.750,2.504,304.175,1037.549
21.848,0.442,-1.797,1.316,304.849,1038.245
21.899,0.435,-1.715,3.181,304.336,1039.404
21.948,0.433,-1.703,1.953,304.009,1039.454
21.998,0.428,-1.824,2.245,304.767,1039.436
22.048,0.430,-1.757,4.957,304.600,1038.212
22.098,0.434,-1.769,2.255,304.151,1038.710
22.148,0.433,-1.829,1.766,304.454,1039.739
22.198,0.431,-1.717,3.000,303.840,1040.674
22.248,0.432,-1.892,2.403,304.349,1040.440
22.299,0.428,-1.677,2.567,303.970,1041.148
22.348,0.427,-1.680,2.590,304.192,1039.319
22.398,0.424,-1.855,2.856,304.612,1040.123
22.448,0.424,-1.742,9.120,304.006,1041.406
22.498,0.432,-1.847,0.567,304.745,1042.806
22.548,0.433,-1.806,2.458,304.332,1043.575
22.598,0.427,-1.872,12.019,304.122,1043.206
22.648,0.426,-1.894,2.199,304.199,1044.165
22.698,0.427,-1.776,2.488,304.137,1042.716
22.748,0.427,-1.844,2.032,304.427,1043.480
22.798,0.428,-1.732,2.629,304.229,1044.147
22.848,0.426,-1.917,3.148,304.632,1044.694
22.898,0.432,-1.783,2.209,304.683,1044.476
22.948,0.429,-1.755,1.746,304.237,1044.426
22.998,0.426,-1.796,2.416,304.301,1043.910
23.048,0.425,-1.831,2.229,304.707,1045.093
23.098,0.436,-1.831,6.759,303.892,1046.036
23.149,0.437,-1.957,2.669,304.751,1046.399
23.198,0.446,-1.803,1.946,304.009,1046.287
23.248,0.445,-1.848,2.577,304.088,1045.112
23.298,0.435,-1.987,3.634,304.232,1045.705
23.348,0.439,-1.822,2.133,303.973,1045.920
23.398,0.430,-1.763,2.580,304.728,1047.730
23.448,0.431,-1.768,2.902,304.483,1049.175
23.498,0.436,-1.757,2.173,303.959,1049.510
23.548,0.438,-1.767,2.603,304.182,1051.654
23.598,0.440,-1.904,-0.726,303.986,1050.704
23.648,0.438,-1.762,1.785,304.559,1051.331
23.698,0.433,-1.805,1.359,304.009,1051.884
23.748,0.435,-1.852,2.225,304.264,1053.105
23.799,0.437,-1.970,3.102,304.525,1053.340
23.849,0.434,-1.708,1.605,303.953,1052.251
23.899,0.428,-1.698,2.547,304.571,1051.680
23.949,0.429,-1.798,2.583,304.618,1052.258
23.998,0.429,-1.812,3.164,304.375,1052.968
24.049,0.428,-1.767,2.570,304.503,1052.532
24.098,0.442,-1.807,2.202,304.091,1053.070
24.149,0.441,-1.732,2.619,304.272,1051.196
24.198,0.441,-1.907,1.969,304.577,1051.084
24.249,0.440,-1.727,2.347,304.249,1051.569
24.298,0.436,-1.888,0.646,304.776,1052.649
24.349,0.437,-1.760,1.933,304.432,1052.640
24.398,0.434,-1.822,2.619,304.148,1052.272
24.448,0.435,-1.949,1.214,304.695,1053.349
24.498,0.426,-1.866,2.153,303.977,1052.648
24.548,0.428,-1.974,-2.827,304.605,1053.783
24.598,0.428,-1.726,1.414,303.843,1053.660
24.648,0.427,-1.882,2.587,304.796,1054.409
24.698,0.429,-1.788,2.705,304.863,1054.824
24.749,0.431,-1.922,2.452,304.209,1054.919
24.798,0.431,-1.891,-0.496,304.864,1054.302
24.848,0.434,-1.724,2.984,304.614,1054.432
24.899,0.431,-1.912,2.370,304.327,1054.307
24.949,0.430,-1.935,2.613,304.467,1054.472
24.998,0.436,-1.788,2.248,304.123,1054.493
25.048,0.433,-1.928,2.163,304.226,1053.531
25.098,0.439,-1.864,2.646,304.976,1053.198
25.149,0.440,-1.948,2.751,304.038,1053.179
25.198,0.427,-1.862,2.409,304.899,1054.103
25.248,0.427,-1.981,-2.230,304.148,1054.227
25.299,0.428,-1.830,2.294,304.564,1054.517
25.349,0.425,-1.951,2.587,304.568,1053.405
25.398,0.430,-1.945,2.435,304.140,1052.190
25.448,0.430,-1.978,2.301,304.592,1051.905
25.498,0.429,-1.943,2.715,304.386,1052.252
25.548,0.428,-1.869,2.383,304.670,1051.720
25.598,0.433,-1.910,2.646,304.306,1051.623
25.649,0.434,-1.808,2.015,304.692,1051.658
25.698,0.427,-1.897,3.053,304.464,1049.787
25.748,0.428,-1.896,3.040,304.411,1049.477
25.798,0.432,-1.784,2.147,304.101,1051.366
25.848,0.432,-2.013,2.731,304.486,1049.977
25.898,0.424,-1.818,1.999,304.209,1050.095
25.948,0.425,-2.100,2.531,304.916,1049.840
25.998,0.429,-1.921,2.652,304.807,1048.171
26.048,0.426,-2.093,2.055,303.994,1047.776
26.098,0.429,-2.079,3.033,304.700,1048.052
26.148,0.429,-1.982,2.130,303.950,1047.701
26.199,0.425,-1.826,1.907,304.847,1048.410
26.248,0.424,-2.050,2.741,304.756,1047.527
26.298,0.428,-1.857,2.242,304.075,1046.902
26.348,0.429,-1.873,-2.847,304.918,1046.140
26.398,0.434,-1.830,3.496,304.269,1045.227
26.449,0.434,-1.853,2.419,304.500,1045.753
26.498,0.434,-1.951,2.659,304.748,1045.275
26.548,0.433,-2.080,2.701,304.108,1044.143
26.599,0.426,-1.902,3.358,304.739,1043.247
26.648,0.428,-1.897,3.329,304.128,1043.446
26.699,0.430,-1.907,2.738,304.649,1042.891
26.748,0.427,-1.844,1.697,304.643,1042.941
26.798,0.426,-1.840,2.458,304.042,1043.684
26.848,0.427,-2.012,2.833,304.686,1042.899
26.898,0.427,-1.915,2.636,304.203,1043.012
26.948,0.430,-2.046,2.334,304.526,1043.712
26.998,0.437,-1.914,2.143,304.816,1045.218
27.048,0.435,-1.894,2.879,304.244,1046.428
27.099,0.435,-2.011,11.001,304.788,1046.196
27.149,0.431,-1.902,1.444,304.359,1046.019
27.198,0.427,-1.744,3.739,304.050,1045.700
27.249,0.437,-2.002,2.370,304.659,1045.453
27.299,0.437,-1.839,2.682,304.256,1045.622
27.349,0.438,-1.886,-0.651,304.829,1047.083
27.398,0.435,-1.914,2.731,304.908,1046.622
27.449,0.429,-2.057,2.064,304.335,1045.874
27.499,0.426,-1.973,2.284,304.773,1044.670
27.548,0.433,-2.043,-5.441,304.078,1043.466
27.598,0.433,-1.914,3.381,304.547,1043.518
27.648,0.433,-1.771,2.767,304.266,1043.378
27.698,0.435,-1.740,2.439,304.104,1044.600
27.748,0.432,-1.800,2.777,304.754,1043.702
27.798,0.432,-1.820,2.449,304.115,1043.861
27.849,0.430,-2.095,-2.250,304.516,1042.035
27.899,0.431,-1.822,1.858,303.898,1041.646
27.949,0.429,-1.963,3.036,304.088,1041.313
27.999,0.432,-1.932,3.132,304.632,1040.933
28.049,0.429,-1.921,2.419,304.586,1039.587
28.098,0.432,-1.827,0.613,304.177,1038.768
28.148,0.426,-1.771,2.649,304.747,1038.013
28.199,0.428,-1.978,2.094,303.652,1037.625
28.248,0.431,-1.964,2.357,304.559,1038.716
28.298,0.433,-1.776,1.746,303.924,1038.189
28.348,0.434,-1.936,2.823,304.036,1037.876
28.399,0.433,-1.802,2.816,304.740,1036.859
28.448,0.438,-1.854,2.061,304.174,1036.616
28.499,0.440,-2.019,2.649,304.663,1036.118
28.549,0.444,-2.069,-0.214,304.547,1036.781
28.599,0.444,-1.994,1.424,304.698,1035.816
28.648,0.438,-1.887,-1.609,304.868,1036.532
28.698,0.439,-1.881,2.396,304.090,1035.767
28.748,0.429,-1.800,2.583,304.350,1035.177
28.798,0.427,-1.844,-5.369,305.005,1036.597
28.848,0.432,-1.835,2.511,304.280,1036.883
28.898,0.432,-1.827,-1.744,304.525,1035.399
28.948,0.433,-1.923,2.449,304.602,1036.121
28.998,0.435,-1.741,2.724,304.600,1036.076
29.048,0.433,-1.739,2.777,304.714,1036.173
29.098,0.432,-1.805,2.087,304.422,1037.117
29.148,0.438,-1.922,2.790,304.670,1037.305
29.198,0.439,-1.867,3.102,304.658,1037.491
29.248,0.432,-1.809,1.907,304.432,1037.075
29.298,0.432,-1.975,2.619,304.824,1036.474
29.348,0.426,-1.941,5.906,304.347,1036.412
29.398,0.428,-1.738,2.613,304.311,1038.080
29.448,0.430,-2.039,1.365,304.666,1038.773
29.498,0.429,-1.840,2.199,303.805,1039.338
29.548,0.434,-1.934,12.892,304.574,1039.325
29.598,0.433,-1.949,2.383,304.060,1039.756
29.648,0.428,-1.913,1.854,304.561,1038.950
29.699,0.431,-2.009,1.884,304.210,1038.690
29.748,0.435,-1.968,2.143,304.544,1039.053
29.798,0.433,-1.863,2.606,304.704,1040.838
29.849,0.448,-1.953,2.373,304.443,1040.575
29.899,0.446,-1.813,2.481,304.881,1040.149
29.948,0.441,-1.761,2.472,304.767,1038.964
29.998,0.439,-1.834,2.606,304.335,1037.488
30.048,0.426,-1.776,3.109,304.837,1038.126
30.098,0.430,-1.864,2.606,304.163,1037.543
30.149,0.432,-1.717,2.458,304.614,1038.096
30.198,0.434,-1.855,2.642,304.212,1037.804
30.249,0.433,-1.762,-0.112,304.179,1036.656
30.298,0.430,-1.987,2.078,304.320,1037.075
30.348,0.435,-1.945,2.774,304.510,1037.773
30.398,0.435,-1.615,2.107,303.990,1037.783
30.449,0.443,-1.772,2.570,304.753,1037.420
30.499,0.445,-1.988,2.570,303.998,1037.024
30.548,0.427,-1.755,2.501,304.672,1036.338
30.599,0.428,-1.802,2.616,304.680,1036.514
30.648,0.424,-1.957,2.619,304.148,1037.519
30.699,0.423,-1.788,2.481,304.937,1037.014
30.749,0.427,-1.912,1.904,304.434,1037.462
30.798,0.427,-1.636,2.051,304.086,1036.573
30.849,0.425,-1.845,1.848,304.775,1036.226
30.899,0.426,-1.887,4.143,304.108,1035.063
30.948,0.432,-2.001,1.789,304.774,1032.427
30.998,0.430,-1.744,2.298,304.447,1033.061
31.048,0.433,-1.897,1.693,304.919,1032.116
31.098,0.432,-1.848,9.957,304.345,1030.757
31.148,0.430,-1.838,2.124,304.240,1029.597
31.198,0.429,-1.881,2.291,304.851,1029.172
31.248,0.426,-1.811,2.291,304.534,1029.541
31.298,0.426,-1.783,2.202,304.468,1029.460
31.349,0.427,-1.783,2.019,304.754,1029.430
31.398,0.430,-1.782,2.419,304.215,1028.537
31.449,0.427,-1.828,0.321,304.743,1029.111
31.498,0.428,-1.928,3.000,304.240,1028.142
31.548,0.429,-1.744,10.578,304.230,1029.227
31.598,0.427,-1.880,2.501,304.465,1028.334
31.648,0.427,-1.832,2.715,304.126,1029.881
31.698,0.426,-1.684,1.772,304.509,1029.317
31.748,0.434,-1.807,2.481,304.078,1029.091
31.799,0.436,-1.955,-3.540,304.121,1028.100
31.848,0.443,-1.897,2.196,304.778,1029.717
31.898,0.441,-1.820,5.367,304.425,1030.392
31.948,0.430,-1.783,2.344,304.425,1030.427
31.998,0.431,-1.799,2.166,304.168,1030.404
32.048,0.426,-1.681,1.953,304.078,1029.223
32.098,0.428,-2.085,2.235,304.430,1030.177
32.148,0.433,-2.086,2.439,304.796,1030.841
32.198,0.432,-1.764,2.321,304.037,1030.926
32.248,0.430,-1.962,2.255,304.614,1030.534
32.299,0.430,-1.838,2.265,304.121,1031.052
32.348,0.438,-1.839,2.514,304.389,1029.196
32.398,0.439,-1.812,2.350,304.811,1029.029
32.448,0.436,-2.016,2.419,304.019,1029.723
32.498,0.437,-1.715,2.094,304.260,1027.988
32.548,0.430,-1.936,2.590,304.253,1028.255
32.598,0.430,-2.030,1.398,304.819,1028.481
32.648,0.429,-1.638,-2.726,304.444,1027.060
32.698,0.429,-1.777,2.701,304.889,1026.927
32.748,0.437,-1.680,0.495,304.808,1027.571
32.798,0.436,-1.718,10.098,304.138,1026.734
32.848,0.426,-2.042,2.626,303.835,1027.172
32.899,0.427,-1.949,2.485,304.355,1027.340
32.948,0.426,-1.829,2.632,304.262,1026.280
32.998,0.423,-1.914,2.357,304.800,1025.635
33.048,0.432,-1.903,2.652,304.664,1026.523
33.099,0.433,-1.600,1.920,304.595,1026.597
33.149,0.430,-1.701,2.764,304.787,1026.204
33.198,0.429,-1.719,3.200,304.082,1026.148
33.248,0.426,-1.704,2.600,304.607,1026.123
33.298,0.425,-1.783,2.199,304.026,1025.121
33.349,0.433,-1.914,1.500,305.096,1024.479
33.399,0.431,-1.586,2.715,305.018,1026.328
33.448,0.434,-1.835,1.910,304.117,1026.414
33.498,0.434,-1.819,2.977,304.827,1026.405
33.548,0.429,-1.722,2.580,304.573,1024.757
33.599,0.429,-1.887,2.675,304.944,1024.793
33.649,0.429,-1.868,2.383,304.238,1024.291
33.698,0.430,-1.714,2.741,303.986,1024.703
33.748,0.432,-1.899,2.091,304.365,1026.063
33.798,0.432,-1.764,2.097,304.474,1025.416
33.849,0.434,-1.798,2.419,304.296,1024.974
33.898,0.435,-1.909,2.183,304.522,1025.313
33.948,0.428,-1.826,2.465,304.456,1026.289
33.998,0.431,-1.717,2.708,304.418,1027.071
34.048,0.430,-1.835,2.403,304.849,1027.127
34.098,0.431,-1.727,2.261,303.996,1027.122
34.149,0.436,-1.842,2.554,304.775,1026.763
34.198,0.434,-1.784,2.386,304.363,1027.003
34.248,0.439,-1.913,2.452,304.370,1027.192
34.298,0.439,-1.839,3.118,304.638,1027.588
34.349,0.434,-1.701,2.724,304.902,1026.466
34.399,0.432,-2.010,1.999,304.690,1027.131
34.448,0.429,-1.807,2.616,304.240,1026.252
34.498,0.427,-1.796,2.087,304.140,1025.071
34.549,0.426,-1.826,2.399,304.943,1025.566
34.598,0.427,-1.720,2.150,304.120,1026.012
34.648,0.429,-1.812,2.609,304.780,1026.342
34.698,0.428,-1.926,2.294,304.383,1025.711
34.748,0.425,-1.881,2.376,304.076,1024.898
34.799,0.428,-1.639,2.616,304.754,1024.790
34.848,0.422,-1.829,2.531,304.164,1025.293
34.898,0.425,-1.722,2.124,304.808,1025.627
34.948,0.424,-1.860,2.613,304.088,1026.236
34.998,0.425,-1.859,2.462,304.706,1027.589
35.048,0.427,-1.676,2.383,304.738,1027.322
35.098,0.427,-1.836,2.321,303.835,1026.942
35.148,0.426,-1.688,2.219,304.626,1027.067
35.198,0.424,-1.625,2.518,304.596,1027.935
35.248,0.425,-1.988,2.678,304.104,1028.291
35.298,0.427,-1.867,2.600,305.305,1028.652
35.348,0.429,-1.833,2.547,304.392,1027.131
35.398,0.430,-2.038,2.193,304.355,1026.875
35.448,0.424,-1.928,1.428,304.953,1027.614
35.498,0.424,-1.826,2.393,304.052,1028.103
35.549,0.427,-1.933,-0.578,304.679,1028.675
35.598,0.428,-1.932,2.435,304.635,1028.046
35.648,0.433,-1.921,2.367,304.295,1027.266
35.699,0.436,-1.699,1.897,304.940,1027.677
35.748,0.436,-1.752,2.472,304.425,1027.713
35.798,0.437,-1.690,1.992,304.768,1027.912
35.848,0.431,-1.873,2.242,304.933,1028.088
35.898,0.431,-1.752,0.597,304.521,1029.443
35.948,0.431,-1.746,2.609,304.832,1028.723
35.998,0.430,-2.012,2.698,304.411,1027.517
36.048,0.429,-1.931,2.383,304.393,1028.277
36.098,0.429,-1.719,1.270,304.197,1028.692
36.148,0.432,-1.919,2.511,304.094,1029.200
36.198,0.433,-1.935,2.199,304.823,1028.840
36.248,0.444,-1.948,0.994,304.618,1027.989
36.298,0.441,-1.812,2.708,304.327,1028.093
36.349,0.434,-1.706,2.826,304.614,1028.652
36.398,0.438,-1.935,2.508,304.003,1029.593
36.448,0.430,-1.725,4.796,304.528,1029.596
36.498,0.430,-1.750,2.130,304.311,1030.069
36.548,0.436,-1.784,1.923,304.447,1029.941
36.598,0.435,-1.970,-2.857,304.789,1028.888
36.648,0.433,-1.781,2.944,304.169,1028.977
36.698,0.433,-1.793,2.373,304.718,1029.806
36.748,0.427,-1.865,2.711,304.150,1030.438
36.798,0.426,-1.856,2.143,304.206,1029.986
36.849,0.426,-1.567,14.002,304.221,1030.560
36.898,0.425,-1.760,2.833,304.114,1028.586
36.949,0.425,-1.748,1.812,304.899,1027.901
36.999,0.425,-1.760,2.232,304.437,1027.997
37.048,0.434,-1.752,2.577,304.626,1028.294
37.098,0.434,-1.824,2.324,304.748,1027.834
37.149,0.432,-1.617,2.642,304.422,1028.596
37.199,0.431,-1.758,2.692,304.824,1028.117
37.249,0.427,-1.853,2.337,304.529,1026.720
37.298,0.428,-1.630,2.110,303.977,1027.485
37.348,0.433,-1.666,2.156,304.548,1027.276
37.398,0.432,-1.848,2.580,304.333,1027.735
37.448,0.436,-1.852,2.472,304.344,1027.408
37.498,0.438,-1.970,2.137,304.872,1027.465
37.548,0.432,-1.824,2.892,304.121,1028.162
37.599,0.431,-1.851,-0.339,304.753,1028.267
37.650,0.434,-1.799,2.554,304.519,1029.303
37.698,0.434,-1.736,2.616,304.335,1029.392
37.748,0.431,-1.639,2.462,304.434,1030.642
37.799,0.431,-1.710,1.871,304.003,1028.456
37.849,0.428,-1.695,2.587,304.746,1029.771
37.899,0.427,-1.750,6.457,304.219,1028.260
37.948,0.428,-1.816,2.518,304.226,1028.737
37.998,0.425,-1.698,4.799,304.640,1028.444
38.049,0.423,-1.601,2.038,304.374,1028.282
38.098,0.424,-1.898,2.609,304.791,1027.068
38.149,0.427,-1.627,2.353,304.214,1026.307
38.198,0.425,-1.796,2.761,303.974,1026.589
38.249,0.428,-1.819,2.557,304.836,1026.532
38.298,0.428,-1.784,1.457,304.454,1026.696
38.348,0.426,-1.682,1.401,304.862,1027.282
38.399,0.426,-1.825,2.130,304.583,1026.667
38.448,0.424,-1.854,2.133,304.043,1027.298
38.499,0.431,-1.771,2.984,304.928,1028.636
38.549,0.435,-1.738,2.481,304.489,1029.327
38.599,0.434,-1.821,2.488,304.425,1030.716
38.648,0.429,-1.641,1.894,304.275,1031.543
38.698,0.431,-1.868,1.135,304.095,1029.666
38.749,0.428,-1.787,2.156,304.418,1031.441
38.798,0.431,-1.850,2.068,304.626,1030.618
38.848,0.437,-1.898,3.105,304.304,1031.578
38.898,0.433,-1.708,2.360,304.192,1032.473
38.948,0.432,-1.922,2.183,304.111,1032.181
38.998,0.427,-1.716,2.481,304.638,1033.954
39.049,0.427,-1.933,2.104,304.414,1032.448
39.099,0.434,-1.657,1.799,305.017,1033.307
39.148,0.438,-1.753,-4.009,304.651,1033.832
39.198,0.431,-1.764,2.133,304.259,1035.185
39.249,0.432,-1.900,1.831,304.400,1033.800
39.298,0.427,-1.729,1.917,303.964,1035.252
39.348,0.429,-1.753,-2.860,304.120,1033.678
39.398,0.438,-1.811,2.524,304.567,1035.421
39.448,0.437,-1.760,2.074,304.283,1036.933
39.498,0.437,-1.767,2.048,304.386,1037.735
39.549,0.437,-1.788,2.642,304.440,1038.590
39.598,0.429,-1.815,2.898,304.121,1038.061
39.648,0.428,-1.773,1.969,304.803,1037.949
39.698,0.428,-1.879,2.176,304.199,1039.050
39.749,0.429,-1.848,1.474,304.396,1039.755
39.799,0.426,-1.867,1.950,304.568,1040.517
39.848,0.429,-1.887,1.940,304.034,1039.058
39.898,0.424,-1.918,2.580,304.616,1037.450
39.948,0.424,-1.800,3.223,304.851,1036.507
39.999,0.428,-1.773,1.444,304.311,1035.874
40.049,0.428,-1.762,1.762,304.687,1036.049
40.098,0.431,-1.798,3.049,304.368,1035.683
40.148,0.428,-1.872,2.738,304.503,1034.402
40.198,0.427,-1.824,2.524,304.700,1033.512
40.248,0.428,-1.737,1.950,304.662,1033.343
40.298,0.427,-1.809,3.145,304.986,1033.577
40.348,0.427,-1.800,2.521,304.337,1033.440
40.399,0.433,-1.870,2.938,304.718,1033.917
40.448,0.431,-1.771,2.291,304.635,1034.715
40.498,0.428,-1.808,2.596,304.105,1032.858
40.548,0.428,-1.821,1.959,304.453,1033.881
40.599,0.429,-1.780,-5.165,304.329,1033.515
40.649,0.431,-1.764,2.609,304.696,1033.917
40.699,0.436,-1.860,2.422,304.828,1034.036
40.748,0.438,-1.787,1.854,304.202,1033.954
40.798,0.435,-1.838,2.288,304.789,1032.866
40.849,0.436,-1.729,1.782,304.205,1033.169
40.898,0.428,-1.759,2.005,304.511,1032.552
40.948,0.427,-1.766,2.813,304.517,1032.741
40.998,0.429,-1.845,4.950,303.980,1033.292
41.049,0.431,-1.771,1.894,304.770,1032.872
41.098,0.433,-1.836,2.278,304.084,1032.853
41.148,0.431,-1.738,3.594,304.236,1031.044
41.198,0.429,-1.778,2.252,304.958,1031.694
41.249,0.428,-1.758,1.776,304.012,1031.659
41.299,0.429,-1.763,2.087,304.692,1032.699
41.348,0.429,-1.706,2.816,303.915,1032.406
41.398,0.432,-1.968,3.174,304.016,1030.416
41.448,0.432,-1.769,2.646,304.845,1030.095
41.498,0.431,-1.818,3.030,304.476,1031.018
41.549,0.431,-1.795,-1.636,304.619,1030.745
41.598,0.434,-1.790,2.094,304.285,1030.595
41.648,0.434,-1.777,0.246,304.265,1030.193
41.698,0.430,-1.825,3.040,304.843,1029.632
41.748,0.433,-1.763,2.557,304.454,1028.985
41.799,0.425,-1.861,2.554,304.522,1029.501
41.848,0.426,-1.908,2.918,304.931,1030.400
41.898,0.425,-1.757,2.455,304.488,1030.580
41.948,0.424,-1.762,2.537,304.691,1030.237
41.998,0.430,-1.840,0.689,304.355,1030.190
42.049,0.432,-1.734,2.820,304.373,1029.578
42.098,0.429,-1.808,2.449,304.739,1029.739
42.149,0.429,-1.703,2.439,304.767,1029.992
42.198,0.438,-1.762,3.742,304.811,1030.973
42.248,0.436,-1.784,2.475,304.086,1031.495
42.298,0.441,-1.803,2.458,304.170,1030.609
42.348,0.440,-1.738,2.485,304.572,1030.219
42.399,0.428,-1.762,-1.071,304.118,1030.032
42.449,0.431,-1.791,14.009,304.801,1031.116
42.498,0.429,-1.780,-1.862,303.869,1031.541
42.549,0.428,-1.781,-3.740,304.203,1032.081
42.598,0.431,-1.760,2.104,304.763,1031.698
42.648,0.433,-1.742,2.590,304.338,1031.035
42.698,0.433,-1.801,2.557,304.610,1031.168
42.748,0.435,-1.736,2.583,304.908,1032.615
42.798,0.425,-1.803,2.554,304.451,1032.007
42.848,0.425,-1.749,2.547,304.689,1032.814
42.899,0.432,-1.846,2.409,304.153,1032.626
42.948,0.428,-1.801,0.085,304.873,1032.033
42.998,0.429,-1.793,2.225,304.953,1032.048
43.048,0.431,-1.768,2.445,304.361,1031.543
43.099,0.426,-1.816,2.751,305.011,1033.175
43.149,0.427,-1.858,1.375,304.443,1033.264
43.198,0.426,-1.693,3.036,304.009,1032.433
43.248,0.426,-1.745,2.222,304.388,1032.370
43.299,0.425,-1.870,2.396,303.918,1031.807
43.349,0.426,-1.808,-0.290,304.496,1032.565
43.399,0.430,-1.815,-0.313,304.284,1032.891
43.448,0.429,-1.772,2.301,304.056,1033.321
43.499,0.429,-1.826,-0.743,304.728,1032.836
43.549,0.429,-1.741,3.063,304.156,1032.459
43.599,0.425,-1.785,1.661,304.428,1032.671
43.649,0.425,-1.731,2.810,304.790,1032.932
43.699,0.430,-1.744,2.314,304.126,1033.998
43.748,0.429,-1.770,2.087,304.931,1033.808
43.799,0.429,-1.708,3.099,304.562,1033.727
43.848,0.427,-1.819,2.481,304.690,1032.718
43.899,0.428,-1.753,2.235,304.332,1032.522
43.948,0.428,-1.676,0.459,304.504,1032.786
43.998,0.433,-1.724,2.435,304.693,1034.809
44.049,0.432,-1.803,2.511,304.164,1034.792
44.098,0.430,-1.784,2.603,304.774,1034.858
44.148,0.433,-1.722,2.307,304.634,1033.892
44.198,0.436,-1.875,2.455,304.421,1033.890
44.248,0.436,-1.853,2.636,304.441,1033.090
44.298,0.438,-1.927,3.069,303.925,1033.718
44.348,0.442,-1.856,2.419,304.150,1035.304
44.399,0.420,-1.791,2.767,304.327,1034.925
44.448,0.420,-1.680,2.386,304.174,1034.205
44.498,0.425,-1.832,2.186,304.847,1033.108
44.549,0.423,-1.788,4.432,304.164,1033.259
44.599,0.430,-1.787,1.697,304.715,1032.751
44.650,0.430,-1.803,-2.880,304.748,1034.170
44.698,0.423,-1.803,1.506,304.076,1033.814
44.749,0.424,-1.861,3.122,304.955,1033.222
44.798,0.425,-1.824,3.660,304.104,1033.079
44.849,0.425,-1.803,3.151,304.256,1033.348
44.899,0.428,-1.698,-0.076,304.637,1035.531
44.948,0.431,-1.829,2.935,304.486,1037.372
44.999,0.426,-1.678,2.547,304.789,1038.516
45.048,0.427,-1.708,4.763,304.836,1038.018
45.099,0.427,-1.772,1.999,304.646,1038.697
45.149,0.424,-1.795,-1.035,304.631,1039.004
45.198,0.429,-1.813,2.665,304.240,1041.116
45.248,0.432,-1.893,2.567,304.170,1041.093
45.298,0.434,-1.822,1.785,304.367,1041.099
45.348,0.432,-1.678,-1.606,304.165,1040.312
45.399,0.433,-1.796,2.472,304.799,1040.480
45.448,0.433,-1.784,1.414,304.645,1041.994
45.498,0.434,-1.651,2.813,303.960,1042.901
45.549,0.430,-1.831,2.774,304.908,1042.946
45.599,0.425,-1.739,3.473,304.463,1042.699
45.649,0.427,-1.755,2.206,304.669,1042.337
45.699,0.427,-1.745,2.291,304.463,1042.081
45.749,0.429,-1.695,2.212,304.542,1042.223
45.799,0.434,-1.755,1.122,304.983,1042.679
45.848,0.434,-1.755,2.478,304.517,1043.934
45.899,0.437,-1.936,2.678,304.718,1043.280
45.948,0.437,-1.710,2.393,304.908,1042.148
45.998,0.430,-1.824,1.490,304.189,1042.212
46.048,0.432,-1.724,2.885,304.849,1042.283
46.099,0.430,-1.734,-2.049,304.019,1042.666
46.149,0.433,-1.788,5.669,304.646,1043.102
46.198,0.433,-1.737,2.465,304.859,1042.894
46.248,0.432,-1.671,2.692,304.161,1042.162
46.299,0.430,-1.799,2.836,304.921,1041.961
46.348,0.429,-1.761,2.573,304.564,1043.017
46.399,0.430,-1.659,2.301,304.469,1042.547
46.448,0.431,-1.958,2.140,304.504,1042.428
46.499,0.433,-1.695,-4.039,304.089,1042.909
46.549,0.433,-1.824,2.600,304.969,1042.384
46.598,0.428,-1.733,2.541,304.733,1042.008
46.648,0.429,-1.771,2.458,304.279,1042.766
46.699,0.428,-1.720,2.449,304.578,1041.790
46.749,0.431,-1.850,2.367,303.892,1043.278
46.799,0.426,-1.809,2.350,304.516,1043.071
46.849,0.427,-1.774,2.045,304.373,1042.638
46.899,0.436,-1.849,2.219,304.314,1042.648
46.948,0.438,-1.807,2.491,304.850,1043.660
46.998,0.428,-1.548,2.688,304.386,1045.794
47.048,0.429,-1.815,2.609,304.883,1045.502
47.099,0.428,-1.610,1.588,304.871,1046.242
47.148,0.429,-1.740,2.941,304.445,1046.209
47.198,0.441,-1.673,2.409,304.815,1045.602
47.249,0.440,-1.841,2.577,304.098,1045.579
47.299,0.439,-1.690,2.514,304.282,1046.607
47.348,0.438,-1.799,2.186,304.221,1046.445
47.398,0.428,-1.918,3.893,304.223,1046.936
47.448,0.430,-1.522,1.011,304.665,1046.805
47.498,0.429,-1.854,4.455,304.282,1046.057
47.548,0.430,-1.698,-0.329,304.335,1046.573
47.598,0.425,-1.598,2.334,304.810,1047.305
47.648,0.427,-1.718,2.340,304.053,1046.810
47.698,0.431,-1.893,2.849,304.642,1046.840
47.748,0.429,-1.705,0.508,304.430,1046.671
47.798,0.437,-1.850,2.393,304.132,1045.984
47.848,0.437,-1.715,2.931,304.937,1046.068
47.898,0.422,-1.485,2.304,304.558,1047.152
47.948,0.424,-1.666,2.281,304.383,1047.403
47.998,0.422,-1.640,2.715,304.764,1046.899
48.049,0.422,-2.015,2.202,304.827,1046.755
48.098,0.431,-1.827,2.002,304.902,1045.793
48.148,0.429,-1.621,2.462,304.551,1046.007
48.199,0.427,-1.706,5.827,304.272,1046.187
48.248,0.425,-1.811,2.245,304.245,1045.999
48.298,0.425,-1.612,7.104,304.022,1046.888
48.348,0.425,-1.657,2.560,304.745,1046.108
48.398,0.430,-1.802,-4.019,304.032,1045.815
48.448,0.430,-1.791,2.124,304.330,1045.677
48.499,0.427,-1.764,2.583,304.273,1045.096
48.548,0.427,-1.892,1.585,304.282,1045.196
48.598,0.424,-1.660,5.962,304.628,1046.317
48.648,0.424,-1.753,2.803,304.757,1044.952
48.698,0.430,-1.756,2.692,304.360,1045.289
48.748,0.428,-1.643,2.225,304.709,1045.106
48.798,0.427,-1.695,1.973,304.248,1045.928
48.848,0.426,-1.757,3.260,304.763,1046.611
48.898,0.430,-1.738,2.514,304.852,1046.441
48.949,0.431,-1.730,2.738,304.614,1047.271
48.998,0.437,-1.764,2.777,304.691,1046.468
49.048,0.434,-1.914,2.064,304.210,1046.863
49.099,0.431,-1.704,8.145,304.704,1047.027
49.148,0.432,-1.775,2.324,304.814,1048.544
49.199,0.425,-1.695,2.439,303.964,1048.587
49.249,0.427,-1.626,2.587,304.905,1048.470
49.298,0.430,-1.862,2.367,304.620,1047.222
49.348,0.431,-1.761,2.590,304.154,1047.869
49.398,0.431,-1.722,2.715,304.899,1047.954
49.448,0.431,-1.853,2.268,304.222,1047.181
49.498,0.430,-1.816,2.609,304.477,1047.260
49.548,0.428,-1.648,2.327,304.312,1046.751
49.598,0.434,-1.855,0.958,304.016,1045.213
49.648,0.432,-1.861,7.892,305.017,1045.529
49.698,0.439,-1.706,13.122,304.183,1046.144
49.748,0.438,-1.874,2.600,304.259,1046.117
49.798,0.435,-1.858,-0.047,304.862,1045.699
49.848,0.435,-1.786,2.495,304.045,1045.093
49.898,0.425,-1.938,2.301,304.557,1046.842
49.948,0.426,-1.838,-4.879,304.342,1047.337
49.998,0.429,-1.807,4.304,304.142,1048.964
50.049,0.431,-1.747,2.843,304.614,1050.032
50.099,0.436,-1.759,2.363,304.125,1051.100
50.148,0.431,-1.758,2.908,304.840,1050.822
50.198,0.432,-1.840,2.587,304.333,1049.979
50.249,0.430,-1.638,3.910,304.272,1050.621
50.298,0.433,-1.744,2.514,304.381,1050.648
50.348,0.434,-1.906,3.030,303.999,1051.982
50.398,0.438,-1.854,2.110,304.350,1051.613
50.448,0.432,-1.755,3.686,304.779,1050.509
50.498,0.430,-1.826,2.449,304.116,1050.276
50.548,0.426,-1.768,-3.691,304.984,1050.558
50.598,0.425,-1.747,2.025,303.921,1051.087
50.648,0.431,-1.889,2.557,304.814,1050.494
50.698,0.430,-1.658,2.721,304.304,1051.994
50.748,0.427,-1.697,2.219,304.272,1051.478
50.799,0.426,-1.826,1.808,304.770,1050.669
50.848,0.426,-1.729,2.504,304.153,1050.431
50.898,0.425,-1.741,2.780,304.628,1050.578
50.948,0.433,-1.816,2.347,304.522,1051.762
50.998,0.433,-1.759,2.261,304.046,1052.083
51.048,0.436,-1.760,1.237,304.853,1051.381
51.098,0.437,-1.796,1.776,304.253,1050.907
51.148,0.427,-1.783,2.334,304.867,1051.237
51.199,0.431,-1.778,-2.319,304.588,1051.093
51.248,0.430,-1.763,2.334,304.246,1051.787
51.298,0.431,-1.772,5.206,304.942,1052.565
51.348,0.430,-1.702,1.411,304.016,1052.493
51.399,0.430,-1.877,2.711,304.298,1050.859
51.448,0.432,-1.888,2.202,304.469,1050.342
51.498,0.431,-1.684,3.808,303.940,1050.308
51.548,0.433,-1.841,3.112,304.607,1050.469
51.598,0.436,-1.886,2.642,304.325,1050.765
51.648,0.434,-1.972,2.278,304.788,1050.313
51.698,0.435,-1.778,2.797,304.782,1048.441
51.749,0.428,-1.741,2.314,303.942,1049.598
51.798,0.428,-1.755,2.409,303.771,1049.043
51.849,0.431,-1.774,3.059,303.344,1049.333
51.898,0.430,-1.831,2.452,303.162,1049.948
51.948,0.425,-1.752,2.409,303.540,1048.416
51.998,0.428,-1.776,1.194,303.296,1048.079
52.048,0.428,-1.808,2.347,302.853,1048.037
52.098,0.430,-1.766,2.422,303.331,1049.032
52.149,0.437,-1.955,2.435,303.141,1048.756
52.198,0.438,-1.972,2.350,303.361,1049.932
52.248,0.444,-1.757,2.078,302.694,1050.425
52.299,0.442,-1.982,3.834,303.004,1048.992
52.348,0.439,-1.858,2.458,303.054,1048.170
52.399,0.441,-1.755,2.311,302.902,1048.951
52.448,0.438,-1.971,2.087,302.974,1048.857
52.499,0.440,-1.990,5.926,302.669,1050.077
52.548,0.437,-1.783,2.370,303.368,1050.652
52.598,0.437,-1.894,2.284,303.155,1049.011
52.649,0.434,-1.826,2.590,303.167,1050.441
52.698,0.434,-1.842,2.429,302.834,1049.186
52.748,0.426,-1.909,1.119,302.998,1049.924
52.798,0.425,-1.951,2.531,302.506,1050.134
52.848,0.431,-1.982,2.846,303.167,1049.535
52.899,0.430,-2.008,2.547,302.497,1047.645
52.949,0.440,-1.852,3.562,303.063,1046.931
52.998,0.440,-1.897,2.340,302.244,1046.392
53.048,0.432,-1.891,2.504,302.465,1046.541
53.099,0.430,-1.793,2.009,303.203,1046.646
53.149,0.427,-1.646,2.353,302.721,1046.076
53.198,0.427,-1.918,2.278,303.167,1045.874
53.248,0.433,12.902,2.580,302.256,1044.589
53.298,0.435,12.902,4.156,302.847,1043.457
53.348,0.430,12.902,1.864,302.925,1044.281
53.398,0.431,12.902,2.091,302.362,1044.291
53.449,0.437,12.902,1.467,302.986,1044.926
53.498,0.437,12.902,-0.155,302.900,1043.408
53.549,0.434,12.902,-1.304,302.644,1045.204
53.598,0.433,12.902,2.104,302.698,1043.675
53.648,0.423,12.902,-2.440,302.244,1044.224
53.698,0.426,12.902,-0.549,302.936,1044.605
53.748,0.424,-1.800,2.879,302.868,1045.731
53.798,0.424,-1.686,2.130,302.848,1046.345
53.848,0.435,-1.672,2.501,302.992,1046.114
53.898,0.435,-1.888,2.734,302.901,1044.713
53.949,0.432,-1.861,2.757,303.180,1044.974
53.998,0.432,-1.853,2.413,303.208,1045.994
54.048,0.434,-2.081,2.688,302.602,1045.103
54.098,0.434,-1.899,2.281,302.835,1044.578
54.149,0.437,-1.875,2.557,303.002,1044.667
54.198,0.437,-1.615,2.238,303.430,1045.366
54.249,0.432,-1.773,2.170,302.659,1044.853
54.298,0.431,-1.822,2.898,302.695,1046.026
54.349,0.430,-1.928,2.147,302.646,1045.991
54.399,0.428,-2.002,2.728,302.939,1045.788
54.449,0.431,-1.941,4.084,302.491,1045.320
54.498,0.435,-1.881,0.164,303.145,1045.092
54.548,0.431,-2.002,2.478,303.161,1046.461
54.598,0.433,-1.882,2.629,302.468,1046.740
54.648,0.435,-2.010,2.386,303.160,1046.156
54.699,0.436,-1.790,2.521,302.171,1045.952
54.749,0.434,-1.988,2.685,303.061,1046.181
54.798,0.433,-1.906,5.479,303.006,1045.879
54.849,0.430,-1.928,1.579,303.170,1046.294
54.898,0.428,-1.731,2.475,302.724,1046.517
54.948,0.431,-1.891,2.390,302.646,1046.109
54.998,0.430,-1.821,2.836,302.771,1045.012
55.048,0.434,-1.832,2.281,303.230,1044.125
55.099,0.435,-2.033,2.573,302.198,1044.490
55.148,0.438,-1.867,2.616,303.096,1044.942
55.198,0.439,-1.846,5.801,302.641,1045.759
55.249,0.429,-1.866,2.137,303.042,1045.395
55.299,0.428,-1.866,2.344,302.891,1045.197
55.348,0.430,-2.025,2.475,302.354,1043.983
55.398,0.429,-1.906,-3.382,303.028,1044.455
55.448,0.428,-1.768,2.025,302.695,1046.296
55.498,0.429,-1.937,2.386,302.668,1047.457
55.548,0.429,-1.801,-5.257,302.798,1047.695
55.598,0.428,-1.980,-1.294,302.357,1047.391
55.648,0.428,-2.044,1.513,303.087,1046.895
55.701,0.428,-1.823,0.866,302.689,1048.144
55.748,0.426,-2.004,2.022,302.714,1047.817
55.799,0.429,-1.893,2.176,303.145,1048.526
55.849,0.431,-1.815,-0.956,302.489,1048.939
55.898,0.431,-1.872,7.186,302.987,1047.484
55.948,0.425,-2.068,2.304,302.964,1046.850
55.998,0.425,-2.028,-1.314,302.433,1046.182
56.049,0.426,-1.822,1.900,303.084,1046.527
56.098,0.425,-1.906,2.537,302.509,1047.850
56.148,0.432,-2.028,2.311,302.645,1047.609
56.198,0.432,-1.847,4.721,303.062,1046.773
56.248,0.422,-1.854,2.623,302.374,1046.043
56.299,0.421,-1.952,2.580,302.761,1046.948
56.349,0.422,-2.006,4.350,302.376,1046.226
56.398,0.422,-1.820,1.280,303.033,1048.106
56.448,0.431,-1.988,2.370,303.353,1048.532
56.498,0.430,-2.001,2.829,302.274,1048.752
56.548,0.425,-1.939,1.480,302.943,1048.684
56.598,0.424,-1.902,2.632,302.347,1049.349
56.648,0.424,-1.965,2.573,302.578,1049.877
56.699,0.427,-1.792,2.380,302.857,1050.604
56.748,0.431,-1.714,2.468,302.365,1051.388
56.798,0.430,-1.836,1.894,303.085,1051.486
56.849,0.432,-1.913,1.720,302.831,1049.905
56.899,0.431,-1.815,2.222,302.930,1050.623
56.949,0.433,-1.808,2.212,303.021,1049.276
56.998,0.432,-1.920,3.864,302.330,1050.305
57.048,0.433,-2.127,2.294,302.610,1050.070
57.099,0.431,-1.795,2.636,302.475,1050.340
57.149,0.429,-1.768,-0.903,302.420,1048.736
57.198,0.430,-1.923,2.642,303.155,1048.553
57.249,0.428,-1.837,2.488,302.535,1048.253
57.298,0.428,-1.771,2.235,303.256,1048.832
57.348,0.436,-1.992,7.551,303.113,1049.855
57.398,0.435,-2.073,2.488,302.382,1048.901
57.449,0.436,-1.719,2.554,303.153,1048.636
57.498,0.436,-1.967,1.904,302.578,1048.408
57.549,0.434,-1.974,2.330,302.626,1049.154
57.598,0.436,-1.788,2.665,302.922,1049.658
57.648,0.427,-1.938,2.235,302.819,1049.511
57.699,0.430,-1.748,2.275,303.273,1049.673
57.748,0.432,-1.920,2.577,302.985,1048.570
57.798,0.432,-1.999,2.833,302.838,1048.660
57.848,0.427,-1.970,2.439,303.236,1049.367
57.898,0.428,-1.670,2.393,302.948,1048.888
57.948,0.433,-1.867,1.684,302.936,1050.252
57.998,0.430,-1.855,1.900,302.869,1050.255
58.049,0.441,-1.879,2.307,302.701,1049.647
58.098,0.439,-1.803,2.609,303.021,1049.139
58.148,0.431,-1.837,2.918,302.378,1049.047
58.199,0.432,-1.772,2.980,302.758,1050.272
58.248,0.429,-1.869,2.386,302.592,1050.125
58.298,0.431,-1.802,2.291,303.006,1051.065
58.349,0.432,-1.978,2.419,302.797,1051.376
58.398,0.431,-1.829,2.291,302.308,1050.340
58.448,0.427,-1.842,2.705,302.786,1050.182
58.498,0.426,-1.735,2.541,302.566,1049.982
58.549,0.426,-1.806,-1.780,303.005,1050.245
58.598,0.427,-1.885,2.537,303.193,1050.986
58.648,0.428,-1.847,2.439,302.617,1050.211
58.699,0.428,-1.835,1.053,303.185,1049.814
58.748,0.429,-1.888,2.498,303.250,1050.282
58.798,0.428,-1.809,-0.175,302.496,1050.960
58.848,0.433,-1.819,2.491,303.000,1051.419
58.898,0.431,-1.840,2.330,302.330,1050.723
58.948,0.438,-1.782,4.619,302.654,1049.458
58.998,0.439,-2.053,2.524,303.230,1048.892
59.048,0.440,-1.960,2.600,302.589,1048.755
59.098,0.441,-1.925,2.314,303.131,1049.287
59.148,0.430,-1.944,2.422,302.812,1049.863
59.199,0.429,-1.946,2.163,302.577,1049.630
59.248,0.426,-1.828,2.577,302.674,1049.544
59.298,0.426,-1.878,2.442,302.586,1048.126
59.348,0.432,-1.835,2.531,302.887,1048.226
59.398,0.430,-1.883,2.629,303.062,1048.249
59.448,0.434,-1.721,2.452,302.809,1047.746
59.498,0.433,-2.020,2.419,303.153,1048.212
59.548,0.425,-1.859,1.326,302.741,1046.946
59.598,0.427,-1.790,1.710,303.229,1046.954
59.648,0.429,-1.739,2.764,303.265,1047.108
59.698,0.431,-1.743,2.307,302.597,1047.584
59.749,0.426,-2.079,2.275,303.326,1047.516
59.798,0.428,-1.814,2.193,303.110,1047.143
59.848,0.431,-1.756,2.101,302.125,1046.234
59.898,0.431,-1.884,4.415,303.171,1046.310
59.948,0.435,-1.884,2.255,302.685,1047.384
59.998,0.434,-1.900,11.044,303.008,1047.554
60.049,0.430,-1.760,2.166,302.295,1047.375
60.098,0.429,-1.962,-4.518,302.462,1048.235
60.149,0.437,-1.839,12.518,302.860,1048.664
60.198,0.435,-1.879,2.166,302.285,1047.495
60.248,0.437,-1.966,3.109,302.632,1047.802
60.298,0.439,-1.804,2.826,302.900,1048.012
60.349,0.430,-1.830,2.196,302.700,1048.366
60.399,0.432,-1.838,2.570,302.824,1049.057
60.448,0.426,-1.800,2.462,302.610,1049.549
60.498,0.432,-1.993,2.623,302.856,1048.233
60.548,0.430,-1.766,2.734,303.028,1048.417
60.598,0.430,-1.840,2.340,302.637,1048.662
60.648,0.434,-1.830,2.288,303.189,1050.392
60.698,0.434,-2.040,2.071,302.728,1050.277
60.748,0.435,-1.834,0.403,302.919,1049.947
60.798,0.436,-1.872,2.587,303.028,1049.316
60.848,0.429,-1.712,2.426,302.279,1049.157
60.898,0.430,-1.690,2.550,303.113,1049.625
60.948,0.430,-1.724,0.406,302.333,1049.678
60.998,0.431,-1.764,3.837,302.746,1050.050
61.048,0.433,-1.652,6.530,303.264,1049.272
61.098,0.436,-1.696,2.511,302.394,1048.100
61.149,0.439,-1.736,1.963,302.944,1047.927
61.199,0.437,-1.805,2.232,302.646,1048.312
61.248,0.434,-1.867,1.946,302.616,1049.398
61.299,0.430,-1.752,2.084,303.090,1049.294
61.348,0.427,-1.713,2.110,302.435,1048.939
61.398,0.429,-1.732,2.875,303.285,1049.163
61.449,0.431,-1.914,2.675,302.421,1048.435
61.498,0.433,-1.707,2.547,302.279,1049.837
61.548,0.431,-1.897,2.455,303.215,1049.949
61.598,0.437,-1.787,2.064,302.527,1051.176
61.648,0.436,-1.768,1.693,302.686,1050.248
61.698,0.430,-1.973,2.495,302.808,1049.918
61.748,0.431,-1.841,2.147,302.488,1050.435
61.799,0.424,-1.845,2.432,303.047,1049.429
61.848,0.426,-1.811,1.946,302.427,1051.018
61.898,0.428,-1.808,1.933,302.850,1051.362
61.948,0.427,-1.758,2.087,302.843,1051.482
61.998,0.426,-1.738,2.317,302.537,1050.930
62.048,0.425,-1.736,9.964,302.812,1050.877
62.098,0.427,-1.795,1.401,302.819,1051.694
62.148,0.427,-1.880,2.498,302.597,1052.726
62.199,0.431,-1.687,-4.653,302.920,1052.355
62.248,0.432,-1.646,2.199,302.482,1052.159
62.298,0.432,-1.947,3.145,303.024,1051.881
62.348,0.432,-1.775,2.166,302.536,1051.706
62.398,0.435,-1.622,2.005,302.393,1052.178
62.448,0.436,-1.784,1.917,303.543,1051.842
62.499,0.438,-1.767,2.406,302.846,1050.351
62.549,0.436,-1.734,2.130,302.905,1050.984
62.598,0.426,-1.783,2.636,302.995,1049.593
62.648,0.426,-1.843,4.067,303.160,1049.824
62.698,0.435,-1.693,2.393,303.088,1050.216
62.748,0.434,-1.725,2.810,302.800,1051.040
62.798,0.432,-1.731,2.531,303.300,1050.067
62.848,0.434,-1.747,-0.227,303.034,1050.337
62.899,0.430,-1.744,1.841,302.784,1050.904
62.949,0.430,-1.798,11.136,302.784,1051.623
62.998,0.435,-1.712,3.434,302.830,1052.697
63.048,0.433,-1.741,2.708,303.093,1052.912
63.099,0.442,-1.789,2.442,303.050,1054.029
63.148,0.444,-1.784,-3.655,302.596,1054.604
63.198,0.423,-1.878,2.514,302.843,1053.555
63.248,0.426,-1.815,2.064,302.845,1053.669
63.298,0.425,-1.708,2.422,302.014,1054.674
63.348,0.426,-1.788,9.054,303.077,1054.673
63.398,0.441,-1.857,1.956,302.301,1055.206
63.448,0.441,-1.583,-0.605,302.718,1054.228
63.499,0.434,-1.790,2.554,303.037,1053.652
63.548,0.434,-1.687,1.851,302.403,1053.544
63.598,0.431,-1.667,2.032,303.204,1053.005
63.648,0.432,-1.811,2.330,302.576,1054.346
63.698,0.441,-1.629,2.367,302.732,1054.631
63.748,0.443,-1.826,2.514,302.458,1053.834
63.799,0.435,-1.731,10.877,302.536,1053.103
63.848,0.436,-1.660,1.799,303.123,1052.791
63.898,0.427,-1.719,2.738,302.530,1052.688
63.948,0.424,-1.718,2.301,302.583,1053.740
63.998,0.425,-1.708,0.876,303.045,1053.817
64.048,0.424,-1.802,2.314,303.150,1052.621
64.098,0.427,-1.727,2.918,302.977,1052.633
64.148,0.426,-1.670,2.360,302.714,1052.441
64.198,0.427,-1.616,12.177,302.701,1052.593
64.249,0.427,-1.723,2.271,303.194,1052.649
64.298,0.425,-1.728,2.127,302.398,1053.262
64.348,0.426,-1.684,2.488,303.196,1053.181
64.398,0.429,-1.750,-3.931,302.852,1051.464
64.449,0.430,-1.843,3.237,302.973,1050.072
64.498,0.430,-1.585,2.701,303.384,1049.566
64.548,0.430,-1.746,2.307,302.510,1049.680
64.598,0.427,-1.620,2.232,302.993,1049.378
64.648,0.430,-1.737,2.803,303.049,1048.622
64.698,0.428,-1.640,2.261,302.460,1047.942
64.749,0.427,-1.714,2.465,303.307,1047.330
64.799,0.426,-1.717,2.550,302.549,1046.286
64.848,0.427,-1.734,2.508,302.596,1048.158
64.898,0.425,-1.594,2.531,303.018,1049.842
64.949,0.428,-1.728,2.472,302.654,1050.745
64.999,0.427,-1.861,2.330,303.047,1051.191
65.048,0.426,-1.758,1.661,302.538,1051.649
65.098,0.430,-1.595,2.183,302.750,1051.403
65.148,0.430,-1.734,2.153,303.027,1052.526
65.198,0.425,-1.620,2.143,302.441,1053.829
65.248,0.425,-1.712,1.822,303.042,1053.494
65.298,0.428,-1.695,2.445,302.838,1053.888
65.348,0.427,-1.572,1.349,302.720,1053.423
65.398,0.433,-1.587,2.639,303.224,1052.561
65.448,0.432,-1.790,2.606,302.185,1051.995
65.498,0.427,-1.763,0.633,303.306,1052.179
65.548,0.427,-1.695,0.321,302.711,1052.349
65.599,0.424,-1.722,2.869,302.869,1051.705
65.648,0.423,-1.694,1.979,303.119,1050.201
65.699,0.429,-1.587,2.573,302.517,1050.177
65.749,0.429,-1.799,4.727,303.301,1049.665
65.798,0.427,-1.653,-2.985,303.191,1051.473
65.848,0.427,-1.624,1.986,302.580,1051.433
65.898,0.426,-1.781,2.390,303.159,1050.943
65.949,0.426,-1.667,2.764,302.536,1050.862
65.998,0.436,-1.621,2.593,302.646,1050.859
66.048,0.437,-1.759,2.629,303.031,1051.122
66.098,0.434,-1.660,2.035,302.485,1052.843
66.148,0.434,-1.667,2.409,303.375,1052.722
66.198,0.426,-1.665,2.393,302.663,1051.948
66.249,0.425,-1.615,1.845,302.935,1052.377
66.298,0.432,-1.740,7.823,302.633,1051.532
66.348,0.432,-1.703,2.777,302.615,1052.520
66.398,0.429,-1.742,1.904,303.312,1053.565
66.448,0.429,-1.686,3.197,302.582,1054.833
66.498,0.429,-1.721,2.606,302.482,1054.151
66.549,0.431,-1.787,2.806,303.124,1054.812
66.599,0.432,-1.607,2.403,302.426,1054.954
66.648,0.433,-1.766,2.527,302.746,1056.216
66.698,0.428,-1.712,4.468,303.100,1056.873
66.748,0.430,-1.819,2.084,303.132,1056.258
66.799,0.435,-1.731,2.478,303.244,1057.213
66.848,0.436,-1.769,2.708,302.960,1057.230
66.899,0.441,-1.739,2.564,302.995,1056.717
66.949,0.441,-1.743,2.731,302.731,1055.763
66.998,0.432,-1.871,2.626,302.531,1057.184
67.048,0.433,-1.645,2.432,303.234,1057.143
67.098,0.430,-1.781,2.629,302.685,1056.267
67.148,0.430,-1.715,2.261,302.637,1055.469
67.199,0.426,-1.544,2.248,302.640,1055.683
67.248,0.425,-1.761,2.406,302.275,1055.391
67.299,0.430,-1.667,2.225,302.989,1056.352
67.348,0.433,-1.801,4.619,302.676,1056.487
67.398,0.431,-1.774,2.403,302.580,1056.301
67.448,0.432,-1.858,2.488,303.126,1055.282
67.498,0.430,-1.684,2.596,302.524,1055.696
67.549,0.427,-1.798,-2.588,303.253,1055.664
67.598,0.428,-1.721,2.317,303.119,1056.670
67.648,0.430,-1.661,2.609,302.713,1056.869
67.698,0.429,-1.887,2.629,303.155,1056.013
67.748,0.429,-1.793,2.701,302.340,1055.097
67.799,0.425,-1.657,2.518,303.167,1055.336
67.848,0.428,-1.718,2.619,303.211,1055.568
67.898,0.435,-1.675,2.606,302.700,1055.206
67.948,0.435,-1.740,2.291,302.977,1054.456
67.998,0.431,-1.729,2.439,302.609,1054.196
68.048,0.428,-1.704,-0.119,302.675,1052.604
68.098,0.426,-1.619,2.879,302.289,1052.361
68.148,0.425,-1.716,4.359,302.355,1051.806
68.199,0.424,-1.763,2.452,303.243,1051.838
68.248,0.426,-1.764,-3.727,302.813,1052.097
68.298,0.429,-1.743,-0.969,302.615,1051.624
68.348,0.428,-1.752,9.819,303.176,1050.489
68.398,0.423,-1.716,5.282,302.556,1051.489
68.448,0.421,-1.726,2.688,303.337,1053.338
68.498,0.423,-1.755,2.600,302.975,1055.384
68.548,0.425,-1.866,3.956,302.438,1055.913
68.599,0.432,-1.771,4.064,302.861,1057.177
68.648,0.432,-1.758,2.360,302.945,1055.700
68.698,0.430,-1.783,2.659,303.115,1056.299
68.748,0.430,-1.698,2.363,303.099,1057.117
68.798,0.424,-1.630,2.531,302.255,1057.550
68.848,0.426,-1.768,2.321,303.103,1057.915
68.898,0.432,-1.771,2.468,302.707,1057.845
68.948,0.431,-1.821,1.398,302.556,1057.479
68.999,0.432,-1.600,2.826,302.628,1058.932
69.048,0.430,-1.742,2.413,302.492,1058.830
69.098,0.428,-1.844,2.143,303.148,1059.324
69.148,0.429,-1.696,2.715,302.681,1059.845
69.198,0.435,-1.691,12.820,302.520,1059.167
69.249,0.433,-1.680,2.219,302.933,1059.275
69.298,0.427,-1.704,2.504,302.139,1058.557
69.348,0.428,-1.882,2.393,303.362,1058.890
69.399,0.424,-1.856,2.524,302.819,1059.786
69.448,0.426,-1.762,2.738,302.739,1060.111
69.498,0.430,-1.795,2.002,303.295,1059.992
69.549,0.429,-1.856,2.393,302.925,1060.588
69.598,0.427,-1.693,2.242,303.168,1058.611
69.648,0.425,-1.727,2.695,303.011,1059.313
69.698,0.425,-1.740,2.449,302.486,1060.204
69.748,0.426,-1.791,2.376,302.972,1060.303
69.798,0.434,-1.825,2.321,302.503,1060.062
69.848,0.435,-1.885,2.015,302.869,1059.428
69.898,0.440,-1.848,2.478,302.695,1058.355
69.949,0.439,-1.891,2.596,302.524,1058.176
69.998,0.435,-1.825,2.445,302.819,1058.063
70.048,0.435,-1.655,1.625,302.329,1058.510
70.098,0.430,-1.769,2.751,302.830,1059.025
70.149,0.428,-1.726,2.813,302.648,1058.835
70.198,0.429,-1.761,2.705,302.455,1056.908
70.249,0.429,-1.825,6.950,303.051,1057.092
70.298,0.426,-1.764,2.317,302.627,1057.640
70.349,0.428,-1.833,2.353,303.221,1058.007
70.398,0.429,-1.784,2.646,303.143,1057.877
70.448,0.429,-1.813,1.552,302.308,1058.677
70.499,0.432,-1.708,-0.122,303.100,1058.327
70.548,0.430,-1.891,2.390,302.456,1059.431
70.598,0.438,-1.878,2.114,302.313,1059.933
70.648,0.437,-1.908,11.868,303.189,1060.495
70.699,0.430,-1.935,2.688,302.503,1061.043
70.748,0.427,-1.675,-4.462,302.685,1061.667
70.798,0.427,-1.742,2.560,302.532,1060.528
70.849,0.427,-1.880,2.652,303.013,1059.749
70.898,0.430,-1.754,1.845,303.031,1058.651
70.948,0.431,-1.740,1.825,302.469,1057.763
70.998,0.431,-1.724,2.675,302.913,1056.821
71.048,0.427,-1.749,2.399,302.862,1055.164
71.098,0.436,-1.683,2.632,302.386,1053.950
71.148,0.436,-1.805,2.800,302.821,1054.003
71.199,0.445,-1.676,2.514,302.736,1053.421
71.249,0.444,-1.715,2.012,303.031,1053.140
71.298,0.432,-1.822,2.793,303.096,1053.113
71.349,0.433,-1.783,11.054,302.321,1052.919
71.399,0.428,-1.951,2.367,302.946,1052.553
71.448,0.428,-1.794,-0.585,302.364,1052.869
71.498,0.431,-1.794,9.718,302.476,1052.624
71.548,0.430,-1.889,2.373,302.456,1052.891
71.598,0.425,-1.806,2.038,302.307,1053.121
71.649,0.426,-1.893,2.632,302.685,1053.892
71.698,0.428,-1.822,2.334,302.843,1051.944
71.749,0.432,-2.014,2.140,302.957,1053.578
71.798,0.437,-1.762,2.485,303.119,1052.637
71.848,0.438,-1.824,2.918,302.337,1053.350
71.898,0.428,-1.859,4.924,302.882,1053.832
71.948,0.428,-1.823,2.672,302.939,1053.447
71.998,0.434,-1.841,2.518,302.578,1053.443
72.048,0.434,-1.831,3.811,303.112,1052.679
72.098,0.435,-2.060,2.445,302.639,1053.398
72.148,0.436,-2.054,2.793,302.824,1053.885
72.198,0.432,-1.813,2.836,302.748,1054.485
72.248,0.432,-1.800,2.564,302.364,1054.033
72.298,0.430,-1.834,13.129,303.050,1054.440
72.348,0.430,-1.852,3.128,302.702,1052.724
72.398,0.431,-1.836,3.059,302.711,1052.807
72.448,0.429,-1.795,2.202,302.746,1052.245
72.499,0.430,-1.866,2.547,302.514,1052.494
72.549,0.428,-2.119,2.935,303.243,1051.844
72.599,0.427,-2.036,2.495,302.721,1050.467
72.648,0.431,-1.891,14.501,302.567,1049.196
72.698,0.438,-1.954,2.271,303.096,1049.598
72.748,0.437,-1.870,2.813,302.399,1050.181
72.798,0.434,-1.916,2.685,303.145,1050.559
72.848,0.432,-1.741,2.101,302.903,1049.275
72.899,0.426,-1.987,2.091,302.459,1048.882
72.948,0.429,-1.774,2.452,303.260,1048.754
72.998,0.431,-1.823,2.731,302.566,1049.119
73.048,0.432,-1.843,2.179,302.995,1049.996
73.098,0.432,-1.905,2.396,302.984,1050.222
73.149,0.430,-1.955,2.383,302.312,1049.551
73.198,0.429,-1.780,2.698,303.037,1049.920
73.248,0.431,-1.786,2.465,302.429,1048.939
73.299,0.431,-1.813,4.553,303.095,1049.610
73.349,0.433,-1.879,2.212,302.444,1049.013
73.398,0.433,-1.912,1.533,302.995,1049.618
73.448,0.425,-1.954,2.311,303.305,1049.603
73.498,0.427,-2.045,2.498,302.652,1048.228
73.549,0.429,-1.871,2.193,303.188,1048.293
73.603,0.432,-1.740,5.994,302.590,1050.286
73.648,0.431,-2.021,2.721,302.355,1048.921
73.734,0.431,-1.957,-2.837,302.740,1048.174
73.748,0.439,-1.886,2.593,302.640,1048.814
73.799,0.441,-1.890,2.521,302.723,1048.646
73.849,0.438,-1.817,2.324,302.592,1049.308
73.898,0.440,-2.003,2.455,302.433,1047.734
73.949,0.424,-1.891,5.029,302.945,1047.117
73.999,0.426,-2.084,2.380,302.349,1047.426
74.048,0.428,-1.917,2.669,302.396,1047.484
74.098,0.430,-1.952,2.738,303.235,1046.684
74.148,0.428,-1.836,2.432,302.495,1045.838
74.198,0.425,-1.818,1.286,303.074,1045.540
74.248,0.426,-1.822,1.792,302.398,1045.771
74.298,0.426,-1.856,2.344,302.895,1046.371
74.348,0.429,-1.773,2.445,302.844,1046.652
74.399,0.431,-1.827,2.596,302.375,1045.034
74.449,0.426,-1.928,2.156,303.037,1043.925
74.498,0.424,-1.822,2.695,303.021,1043.428
74.549,0.427,-2.002,2.550,302.545,1042.908
74.598,0.427,-1.885,2.583,302.965,1043.890
74.648,0.430,-1.884,2.885,302.777,1043.524
74.698,0.431,-1.873,2.472,302.518,1043.213
74.748,0.425,-1.744,2.642,302.648,1043.444
74.798,0.424,12.902,3.181,302.619,1042.952
74.848,0.426,12.902,5.121,302.973,1041.026
74.898,0.426,12.902,-4.801,302.252,1041.691
74.948,0.429,12.902,0.413,302.195,1041.074
74.998,0.429,12.902,3.883,302.794,1040.167
75.048,0.430,12.902,2.478,302.443,1040.645
75.098,0.429,12.902,4.110,302.450,1039.023
75.148,0.421,12.902,0.843,302.641,1039.181
75.198,0.422,12.902,3.772,303.016,1038.856
75.248,0.438,12.902,3.795,302.903,1039.501
75.299,0.435,12.902,10.023,302.204,1038.935
75.349,0.422,-1.833,2.964,303.220,1040.450
75.398,0.422,-1.902,2.032,303.266,1040.847
75.448,0.430,-1.906,1.542,302.451,1041.415
75.498,0.426,-1.910,2.738,303.213,1044.501
75.548,0.432,-2.059,2.564,302.468,1044.946
75.598,0.430,-1.905,4.835,302.356,1044.657
75.648,0.429,-1.836,2.337,303.167,1045.164
75.698,0.428,-1.845,2.478,302.445,1046.059
75.749,0.428,-1.981,1.595,303.152,1046.012
75.798,0.426,-1.830,2.724,303.259,1047.770
75.848,0.430,-1.984,2.347,303.227,1046.711
75.898,0.429,-1.841,2.094,303.319,1045.677
75.948,0.433,-1.842,2.669,302.387,1044.629
75.998,0.432,-1.784,2.353,302.632,1044.057
76.049,0.423,-1.935,1.483,302.679,1043.389
76.098,0.424,-1.757,1.388,302.254,1044.742
76.148,0.432,-2.004,2.439,302.728,1043.463
76.198,0.432,-1.900,3.243,302.523,1043.172
76.248,0.432,-2.017,2.577,302.776,1042.370
76.298,0.431,-1.744,-3.051,303.257,1042.367
76.348,0.430,-1.883,2.498,303.155,1042.230
76.399,0.431,-2.065,2.124,303.263,1042.964
76.448,0.432,-1.929,2.537,302.461,1043.030
76.498,0.430,-2.157,3.200,302.722,1042.496
76.548,0.432,-2.003,2.468,303.278,1041.684
76.598,0.430,-1.993,4.776,303.259,1042.266
76.648,0.429,-1.998,-3.478,303.116,1042.208
76.698,0.430,-1.956,2.219,302.715,1042.904
76.748,0.428,-1.784,2.537,302.515,1042.962
76.799,0.429,-1.744,2.048,302.800,1042.548
76.848,0.429,-2.002,2.261,302.583,1042.291
76.898,0.431,-1.873,12.600,303.027,1044.058
76.948,0.431,-2.030,1.940,302.890,1046.186
76.998,0.433,-1.807,2.117,303.081,1047.661
77.048,0.427,-1.818,2.324,303.243,1049.671
77.098,0.426,-1.881,2.587,302.439,1050.637
77.148,0.425,-1.950,2.406,302.996,1050.416
77.199,0.425,-1.763,1.726,302.429,1051.693
77.248,0.430,-1.933,2.403,302.394,1051.394
77.299,0.430,-1.827,3.581,302.898,1051.371
77.349,0.423,-1.862,2.153,302.537,1052.868
77.398,0.422,-1.945,2.390,303.095,1052.643
77.448,0.425,-1.878,3.975,302.836,1051.885
77.498,0.425,-1.826,2.449,302.730,1050.999
77.548,0.432,-1.793,2.885,303.201,1051.212
77.598,0.431,-1.783,9.537,302.609,1050.691
77.648,0.424,-1.761,2.504,303.275,1051.510
77.698,0.424,-1.829,2.626,303.046,1052.485
77.749,0.428,-1.939,-1.685,302.536,1051.605
77.798,0.426,-1.782,2.583,303.213,1051.120
77.848,0.433,-2.039,1.490,303.049,1051.980
77.898,0.432,-1.803,2.537,302.802,1052.338
77.948,0.433,-1.756,2.353,303.093,1053.146
77.999,0.432,-2.063,2.537,302.593,1053.328
78.048,0.436,-1.783,2.330,303.090,1052.961
78.098,0.435,-2.005,2.048,302.556,1052.286
78.148,0.435,-1.801,2.291,302.444,1053.011
78.198,0.435,-1.717,2.580,303.112,1053.502
78.249,0.432,-1.948,2.235,302.550,1053.452
78.298,0.431,-1.775,2.357,302.948,1053.808
78.348,0.427,-1.808,1.900,303.070,1053.485
78.398,0.427,-1.825,2.163,302.461,1052.785
78.448,0.436,-1.852,12.600,303.332,1052.836
78.498,0.437,-1.892,2.288,302.757,1054.521
78.549,0.436,-1.921,2.596,303.211,1053.978
78.598,0.434,-1.780,2.524,302.622,1053.923
78.649,0.425,-1.857,1.710,302.290,1053.768
78.699,0.424,-1.768,3.322,303.020,1053.623
78.748,0.428,-1.819,2.449,302.491,1052.888
78.798,0.430,-1.951,2.616,302.987,1053.423
78.848,0.427,-1.786,2.275,302.955,1054.819
78.898,0.427,-1.914,1.506,302.490,1054.394
78.948,0.433,-1.815,11.093,303.129,1053.255
78.998,0.434,-1.816,1.375,302.538,1053.265
79.048,0.434,-1.947,2.232,302.599,1052.429
79.098,0.434,-1.815,2.258,302.674,1051.759
79.148,0.436,-1.774,1.615,302.458,1053.575
79.198,0.434,-1.900,2.238,303.224,1053.204
79.248,0.430,-1.857,2.560,302.513,1053.149
79.298,0.430,-1.820,2.242,302.538,1052.030
79.349,0.424,-2.080,2.567,303.210,1051.962
79.398,0.425,-1.868,2.275,302.609,1051.538
79.448,0.430,-1.845,2.488,302.794,1053.130
79.498,0.427,-1.871,2.393,302.491,1052.586
79.548,0.434,-1.945,3.775,302.390,1052.729
79.598,0.437,-1.799,2.698,302.866,1052.446
79.648,0.434,-1.998,2.140,302.563,1052.059
79.698,0.433,-1.882,2.652,302.865,1052.557
79.748,0.428,-1.599,1.654,303.266,1054.026
79.798,0.429,-2.149,5.252,302.328,1053.449
79.848,0.434,-1.869,-2.716,303.168,1052.994
79.898,0.434,-1.813,2.370,302.575,1052.256
79.948,0.439,-1.974,2.587,302.948,1051.425
79.999,0.439,-1.744,2.806,302.821,1050.979
80.049,0.431,-1.758,0.607,303.011,1050.234
80.098,0.430,-1.896,2.055,303.180,1052.742
80.149,0.430,-1.776,2.573,302.297,1052.021
80.199,0.429,-1.733,3.526,303.195,1051.573
80.248,0.428,-1.928,-3.277,303.090,1050.512
80.298,0.429,-1.873,8.907,302.358,1051.140
80.348,0.435,-1.817,3.982,303.237,1050.140
80.398,0.434,-1.951,2.173,302.816,1052.257
80.448,0.445,-1.884,2.603,302.470,1051.534
80.498,0.446,-1.857,3.089,302.960,1051.644
80.548,0.443,-1.905,2.761,302.586,1051.284
80.598,0.443,-1.754,2.711,303.175,1051.417
80.648,0.431,-1.707,2.465,303.201,1052.656
80.698,0.430,-1.807,1.500,302.832,1051.944
80.748,0.431,-1.821,2.238,302.974,1051.836
80.798,0.430,-1.870,2.915,302.377,1051.931
80.849,0.427,-1.850,11.701,303.277,1051.454
80.898,0.427,-1.896,2.403,302.596,1051.339
80.948,0.426,-1.857,2.580,302.568,1052.029
80.998,0.423,-1.880,2.977,303.063,1052.777
81.048,0.433,-1.815,2.271,302.841,1053.185
81.099,0.433,-1.743,2.931,303.401,1053.180
81.148,0.427,-1.747,1.595,302.905,1052.564
81.199,0.428,-1.784,2.665,302.566,1052.172
81.249,0.430,-1.784,1.920,302.854,1052.105
81.298,0.428,-1.849,3.739,302.192,1053.154
81.348,0.436,-1.731,2.426,302.327,1053.413
81.398,0.435,-1.825,2.560,302.530,1053.238
81.449,0.437,-1.763,1.841,303.007,1053.239
81.499,0.436,-1.969,2.265,302.877,1052.644
81.548,0.430,-1.876,2.413,302.586,1053.209
81.598,0.432,-1.846,1.897,302.642,1054.344
81.648,0.432,-1.857,2.327,303.155,1053.493
81.699,0.431,-1.694,2.229,302.502,1053.710
81.748,0.427,-1.765,2.662,302.492,1052.918
81.799,0.428,-1.687,2.518,303.195,1053.543
81.848,0.427,-1.800,2.639,302.622,1054.262
81.898,0.426,-1.747,2.229,303.339,1053.071
81.948,0.433,-1.887,2.705,302.440,1052.441
81.999,0.433,-1.711,3.312,302.929,1050.883
82.048,0.436,-1.712,2.261,303.152,1049.794
82.098,0.437,-1.849,1.828,302.716,1048.974
82.148,0.438,-1.701,2.701,302.882,1050.142
82.198,0.437,-1.697,2.426,302.695,1049.830
82.248,0.430,-1.729,2.176,302.516,1049.208
82.298,0.431,-1.703,2.692,303.274,1048.579
82.348,0.429,-1.707,1.907,302.432,1047.504
82.398,0.429,-1.679,2.537,303.230,1047.569
82.449,0.428,-1.777,2.432,302.540,1046.709
82.498,0.426,-1.706,2.357,302.973,1045.726
82.548,0.429,-1.642,3.056,302.887,1046.259
82.598,0.430,-1.655,2.688,302.387,1045.601
82.649,0.431,-1.932,1.582,303.092,1045.115
82.699,0.430,-1.669,1.881,302.835,1044.511
82.748,0.437,-1.660,2.527,303.074,1043.863
82.799,0.437,-1.784,3.463,303.203,1045.309
82.848,0.432,-1.746,2.475,302.541,1045.119
82.898,0.434,-1.592,3.663,302.489,1043.511
82.948,0.432,-1.751,2.662,302.440,1043.579
82.998,0.432,-1.781,1.992,302.491,1043.322
83.048,0.431,-1.744,2.573,302.984,1043.389
83.099,0.430,-1.804,2.419,302.609,1042.793
83.148,0.429,-1.764,2.124,302.397,1043.330
83.198,0.428,-1.677,2.472,303.212,1042.060
83.248,0.435,-1.767,5.676,302.618,1042.026
83.298,0.436,-1.767,2.367,303.110,1041.780
83.348,0.433,-1.682,2.294,302.705,1042.281
83.398,0.434,-1.857,2.583,302.480,1043.516
83.449,0.427,-1.764,2.271,303.103,1043.720
83.498,0.426,-1.782,2.435,302.385,1043.387
83.548,0.431,-1.746,2.761,303.090,1043.441
83.598,0.429,-1.755,2.022,302.777,1043.394
83.649,0.434,-1.615,2.527,302.828,1043.827
83.698,0.433,-1.786,2.958,303.293,1045.199
83.748,0.435,-1.764,2.793,302.842,1045.334
83.798,0.432,-1.703,2.580,302.892,1044.349
83.848,0.432,-1.815,2.554,303.037,1043.792
83.898,0.434,-1.800,4.937,302.341,1044.137
83.948,0.432,-1.722,2.616,303.273,1044.955
83.998,0.431,-1.723,2.071,302.460,1045.315
84.048,0.427,-1.810,2.823,303.335,1044.754
84.098,0.428,-1.645,2.435,303.331,1044.942
84.148,0.426,-1.619,2.068,302.477,1044.412
84.198,0.430,-1.896,2.961,302.882,1044.352
84.249,0.434,-1.588,2.541,302.421,1044.255
84.299,0.430,-1.724,2.311,303.208,1043.629
84.348,0.431,-1.791,0.423,303.358,1045.395
84.398,0.430,-1.881,-0.273,302.478,1044.033
84.449,0.427,-1.705,2.051,303.034,1043.915
84.499,0.438,-1.770,2.298,302.385,1044.093
84.548,0.437,-1.775,2.990,302.513,1044.264
84.598,0.427,-1.837,2.304,303.094,1044.561
84.648,0.428,-1.805,2.751,302.848,1044.227
84.698,0.426,-1.570,2.682,302.927,1044.672
84.749,0.426,-1.836,8.611,302.625,1044.547
84.798,0.425,-1.810,1.868,302.490,1043.368
84.848,0.425,-1.718,2.872,302.486,1042.871
84.898,0.431,-1.825,2.176,302.620,1043.846
84.949,0.426,-1.736,2.199,303.003,1043.018
84.998,0.426,-1.583,2.245,302.944,1042.487
85.048,0.426,-1.794,2.042,302.105,1040.822
85.098,0.427,-1.722,2.147,303.371,1040.652
85.148,0.427,-1.686,2.452,302.216,1041.001
85.199,0.427,-1.747,4.373,303.149,1040.997
85.248,0.431,-1.745,2.711,302.605,1041.989
85.298,0.427,-1.755,2.491,302.434,1040.265
85.348,0.424,-1.758,2.728,302.962,1041.475
85.398,0.428,-1.633,2.905,302.633,1041.089
85.449,0.430,-1.624,2.360,302.695,1042.831
85.498,0.432,-1.763,2.623,303.227,1044.613
85.549,0.431,-1.671,2.560,302.672,1045.790
85.598,0.427,-1.693,2.360,302.999,1045.514
85.648,0.425,-1.752,1.779,303.137,1045.224
85.698,0.426,-1.819,2.577,302.599,1045.241
85.748,0.426,-1.809,13.493,303.129,1046.220
85.798,0.426,-1.696,2.738,302.776,1046.050
85.848,0.429,-1.678,2.229,302.495,1046.861
85.898,0.429,-1.662,2.787,303.054,1047.564
85.948,0.427,-1.696,2.147,303.175,1047.980
85.998,0.427,-1.659,2.859,303.097,1047.408
86.049,0.427,-1.650,2.534,302.404,1047.422
86.099,0.427,-1.723,2.583,302.967,1047.805
86.149,0.428,-1.816,2.613,302.920,1048.529
86.198,0.433,-1.683,2.403,302.596,1048.387
86.249,0.431,-1.724,2.462,303.057,1047.394
86.298,0.429,-1.666,1.782,302.926,1047.107
86.348,0.430,-1.750,2.432,303.257,1047.402
86.398,0.434,-1.707,2.432,303.269,1047.964
86.449,0.433,-1.670,2.265,302.478,1048.481
86.498,0.437,-1.663,3.795,303.044,1048.520
86.548,0.437,-1.741,2.419,302.501,1047.805
86.598,0.428,-1.824,2.678,302.527,1046.683
86.649,0.429,-1.710,1.303,302.929,1046.589
86.698,0.431,-1.686,2.406,302.731,1047.339
86.748,0.431,-1.725,3.302,302.855,1047.811
86.799,0.436,-1.734,2.554,303.037,1047.577
86.848,0.435,-1.645,2.219,303.172,1047.544
86.899,0.423,-1.703,2.074,303.077,1046.234
86.948,0.422,-1.570,1.529,302.568,1045.541
86.998,0.424,-1.768,6.477,302.995,1046.176
87.048,0.424,-1.830,2.951,302.766,1046.425
87.098,0.433,-1.833,5.141,302.589,1045.977
87.148,0.434,-1.759,-1.179,302.758,1046.287
87.198,0.427,-1.785,11.701,302.478,1044.484
87.248,0.427,-1.599,2.718,303.164,1044.635
87.298,0.425,-1.863,1.792,303.082,1045.603
87.349,0.423,-1.747,7.039,302.824,1044.995
87.399,0.429,-1.681,2.577,303.157,1046.277
87.448,0.431,-1.794,2.173,302.672,1045.278
87.499,0.425,-1.751,3.138,303.355,1046.140
87.548,0.425,-1.744,2.810,303.305,1045.190
87.598,0.421,-1.828,2.511,302.149,1045.277
87.648,0.420,-1.723,2.458,303.011,1046.205
87.698,0.428,-1.727,2.626,302.777,1045.934
87.749,0.428,-1.753,0.889,302.652,1046.015
87.798,0.425,-1.811,2.399,303.123,1044.690
87.848,0.425,-1.711,-1.130,302.380,1045.183
87.898,0.424,-1.868,10.680,302.892,1045.569
87.948,0.423,-1.783,2.390,302.885,1046.216
87.998,0.429,-1.707,2.813,303.020,1046.138
88.048,0.430,-1.756,2.238,302.888,1046.336
88.098,0.438,-1.762,2.445,302.661,1044.692
88.148,0.436,-1.682,2.649,303.109,1045.244
88.198,0.438,-1.774,4.054,303.181,1045.325
88.249,0.437,-1.730,2.639,302.440,1045.867
88.299,0.429,-1.646,2.734,303.234,1045.857
88.348,0.430,-1.795,4.481,302.698,1044.850
88.399,0.427,-1.675,1.342,303.138,1045.833
88.448,0.428,-1.811,0.571,303.283,1043.372
88.498,0.427,-1.764,0.607,302.404,1044.016
88.548,0.426,-1.710,2.390,302.625,1043.482
88.598,0.426,-1.793,2.577,303.217,1043.488
88.648,0.426,-1.723,1.165,303.146,1044.410
88.698,0.425,-1.698,2.518,303.078,1042.615
88.749,0.424,-1.761,2.442,302.237,1042.518
88.798,0.425,-1.829,2.554,302.807,1043.104
88.848,0.424,-1.777,0.784,302.795,1043.488
88.898,0.424,-1.802,2.524,302.586,1044.002
88.949,0.424,-1.752,2.068,302.523,1044.625
88.998,0.429,-1.802,2.373,302.485,1043.125
89.048,0.431,-1.839,2.587,302.632,1043.288
89.098,0.437,-1.828,2.708,303.178,1044.038
89.148,0.437,-1.765,2.816,303.185,1044.196
89.198,0.426,-1.704,-0.102,303.122,1045.086
89.249,0.425,-1.828,0.026,302.591,1044.626
89.298,0.428,-1.856,2.616,302.622,1043.293
89.348,0.430,-1.653,2.629,302.437,1044.847
89.399,0.435,-1.674,2.698,302.246,1044.315
89.449,0.434,-1.744,2.107,302.744,1044.440
89.499,0.432,-1.745,2.367,302.661,1045.444
89.549,0.431,-1.784,2.334,302.961,1045.620
89.598,0.426,-1.792,2.202,303.256,1044.029
89.648,0.426,-1.800,2.826,302.365,1044.109
89.698,0.431,-1.698,2.413,303.075,1044.894
89.748,0.434,-1.799,2.504,302.383,1045.101
89.798,0.430,-1.741,2.669,302.544,1045.712
89.849,0.430,-1.719,2.445,303.183,1045.505
89.898,0.429,-1.708,2.058,302.337,1044.419
89.949,0.429,-1.746,2.071,302.932,1043.352
89.998,0.440,-1.755,2.258,303.234,1043.414
90.048,0.439,-1.783,2.541,303.260,1042.757
90.098,0.437,-1.859,2.304,303.253,1043.489
90.148,0.437,-1.803,2.314,302.692,1042.699
90.199,0.427,-1.887,2.524,303.063,1042.364
90.248,0.428,-1.799,2.383,302.356,1042.617
90.298,0.439,-1.704,2.186,302.507,1041.662
90.348,0.436,-1.742,4.005,303.366,1042.049
90.398,0.434,-1.735,2.193,302.887,1042.859
90.449,0.436,-1.819,5.055,303.116,1042.706
90.498,0.425,-1.728,3.988,303.414,1041.637
90.548,0.428,-1.777,2.413,302.398,1041.573
90.599,0.437,-1.896,2.718,303.009,1041.536
90.648,0.438,-1.777,2.209,302.495,1042.432
90.698,0.435,-1.735,2.481,302.737,1043.164
90.748,0.436,-1.731,1.217,303.228,1042.436
90.798,0.431,-1.781,2.573,302.520,1041.937
90.848,0.431,-1.894,2.567,302.897,1042.373
90.898,0.430,-1.781,2.376,302.857,1042.604
90.948,0.431,-1.662,2.189,303.047,1043.680
90.998,0.432,-1.753,2.445,303.449,1044.986
91.048,0.432,-1.727,2.554,302.822,1044.770
91.098,0.440,-1.779,2.550,303.034,1044.379
91.148,0.441,-1.747,2.317,302.475,1045.195
91.199,0.439,-1.804,2.330,302.391,1044.432
91.248,0.439,-1.730,-3.415,303.085,1045.710
91.299,0.439,-1.940,2.360,302.741,1045.331
91.348,0.439,-1.727,2.455,303.183,1046.202
91.398,0.428,-1.721,2.508,303.054,1044.274
91.448,0.430,-1.841,1.592,302.583,1044.231
91.498,0.432,-1.741,2.465,303.008,1044.491
91.549,0.432,-1.896,2.357,302.259,1044.036
91.598,0.430,-1.770,3.939,303.253,1044.352
91.648,0.431,-1.773,2.363,303.255,1044.304
91.698,0.428,-1.754,2.235,302.589,1043.501
91.748,0.428,-1.802,2.393,303.057,1042.694
91.799,0.427,-1.779,-2.263,302.488,1043.235
91.848,0.428,-1.755,2.327,302.506,1043.852
91.898,0.428,-1.856,2.508,303.106,1043.800
91.949,0.427,-1.771,2.206,302.546,1043.167
91.998,0.427,-1.801,3.049,303.312,1042.773
92.048,0.429,-1.798,1.582,302.545,1041.208
92.098,0.428,-1.811,-2.548,302.551,1040.715
92.148,0.426,-1.730,2.357,303.334,1040.370
92.198,0.426,-1.738,2.268,302.407,1040.573
92.248,0.425,-1.787,2.068,302.535,1040.877
92.298,0.430,-1.806,2.238,302.232,1040.951
92.348,0.428,-1.923,2.573,302.315,1038.954
92.398,0.424,-1.954,2.593,302.918,1040.350
92.448,0.422,-1.760,2.632,302.566,1041.482
92.499,0.423,-1.892,1.736,303.126,1042.076
92.548,0.422,-1.851,3.299,303.002,1043.037
92.598,0.432,-1.724,-4.948,302.356,1041.926
