time(sec),main_pump_inlet_P(bar),main_pump_outlet_P(bar),venturi_pump_inlet_P(bar),main_pump_outlet_F(LPM),venturi_pump_outlet_F(LPM)
0.000,-0.079,-0.127,-0.101,-3.892,45.944
0.040,-0.028,-0.127,-0.097,-4.178,47.094
0.090,0.002,-0.126,-0.088,-2.802,47.406
0.140,-0.018,-0.127,-0.090,-3.113,46.974
0.190,-0.034,-0.126,-0.092,-4.162,45.945
0.241,-0.022,-0.126,-0.086,-3.453,45.550
0.290,-0.025,-0.127,-0.087,-3.911,45.220
0.340,-0.019,-0.127,-0.085,-2.987,45.584
0.390,-0.043,-0.126,-0.085,-3.773,46.229
0.441,-0.067,-0.128,-0.095,-3.546,46.297
0.490,-0.020,-0.126,-0.086,-3.037,45.637
0.540,-0.015,-0.126,-0.088,-3.895,44.850
0.591,-0.009,-0.126,-0.088,-3.076,44.376
0.640,-0.042,-0.126,-0.086,-3.728,45.439
0.690,-0.042,-0.127,-0.086,-3.183,45.967
0.740,-0.032,-0.127,-0.088,-2.904,45.743
0.790,-0.011,-0.126,-0.090,-4.145,45.231
0.840,-0.076,-0.127,-0.098,-3.037,44.689
0.890,-0.047,-0.126,-0.090,-3.405,44.580
0.940,-0.035,-0.126,-0.089,-3.703,45.469
0.991,-0.032,-0.126,-0.092,-3.437,45.352
1.040,-0.020,-0.126,-0.085,-4.212,45.679
1.090,-0.020,-0.127,-0.098,-3.804,44.681
1.140,-0.011,-0.126,-0.089,-2.980,43.419
1.191,-0.026,-0.127,-0.094,-4.187,43.971
1.240,-0.021,-0.127,-0.090,-2.952,44.519
1.290,-0.022,-0.126,-0.091,-3.766,44.587
1.340,-0.026,-0.125,-0.089,-3.201,44.449
1.390,-0.037,-0.126,-0.084,-2.951,43.814
1.440,-0.059,-0.127,-0.092,-4.114,43.150
1.491,-0.038,-0.127,-0.086,-3.028,43.010
1.540,-0.007,-0.126,-0.084,-3.633,43.869
1.591,-0.036,-0.127,-0.087,-2.885,43.838
1.640,-0.027,-0.126,-0.091,-3.165,43.799
1.690,-0.044,-0.127,-0.091,-4.138,42.893
1.741,-0.033,-0.127,-0.093,-2.831,42.684
1.790,-0.003,-0.127,-0.087,-3.413,42.181
1.840,-0.042,-0.126,-0.088,-3.972,42.589
1.890,-0.027,-0.126,-0.087,-3.107,42.721
1.940,-0.025,-0.126,-0.085,-3.956,42.509
1.990,-0.015,-0.127,-0.085,-3.039,42.276
2.041,-0.031,-0.126,-0.085,-3.909,41.907
2.090,-0.018,-0.127,-0.083,-4.195,41.475
2.140,-0.033,-0.126,-0.088,-2.939,41.791
2.190,-0.015,-0.127,-0.095,-3.252,42.001
2.240,-0.011,-0.126,-0.086,-2.999,41.764
2.290,-0.058,-0.127,-0.101,-2.954,40.971
2.341,-0.075,-0.128,-0.096,-3.897,40.622
2.390,-0.023,-0.126,-0.087,-2.915,39.810
2.440,-0.012,-0.126,-0.087,-3.842,40.948
2.490,-0.029,-0.126,-0.089,-3.288,41.258
2.540,-0.019,-0.126,-0.091,-3.046,41.186
2.590,-0.043,-0.126,-0.086,-4.165,40.350
2.640,-0.045,-0.127,-0.083,-3.187,39.501
2.690,-0.023,-0.127,-0.085,-3.485,39.833
2.740,-0.019,-0.126,-0.084,-3.319,40.092
2.790,-0.014,-0.126,-0.084,-2.945,40.470
2.841,-0.018,-0.126,-0.084,-3.438,40.406
2.890,-0.025,-0.127,-0.086,-2.864,40.245
2.941,-0.022,-0.127,-0.086,-3.686,39.203
2.990,-0.018,-0.127,-0.087,-3.843,39.293
3.040,-0.029,-0.127,-0.091,-2.885,39.838
3.090,-0.024,-0.127,-0.085,-4.167,40.084
3.141,-0.069,-0.128,-0.096,-3.338,40.037
3.190,-0.019,-0.126,-0.084,-3.007,39.301
3.240,-0.041,-0.127,-0.090,-3.386,39.019
3.290,-0.016,-0.126,-0.084,-2.853,38.682
3.340,-0.028,-0.126,-0.088,-3.822,39.478
3.391,-0.022,-0.127,-0.090,-2.977,39.588
3.440,-0.030,-0.126,-0.091,-2.956,39.510
3.490,-0.017,-0.126,-0.087,-3.889,39.283
3.540,-0.017,-0.127,-0.091,-2.915,38.086
3.590,-0.040,-0.127,-0.092,-4.059,37.976
3.640,-0.011,-0.127,-0.092,-3.364,38.823
3.691,-0.104,-0.127,-0.099,-2.913,39.178
3.741,-0.085,-0.127,-0.105,-3.648,38.797
3.790,-0.019,-0.127,-0.092,-2.880,38.420
3.840,-0.011,-0.128,-0.089,-3.332,37.142
3.891,-0.011,-0.127,-0.091,-2.873,37.219
3.940,-0.018,-0.127,-0.088,-2.867,38.488
3.991,-0.031,-0.127,-0.091,-4.151,38.534
4.040,-0.004,-0.126,-0.085,-3.157,38.419
4.090,-0.018,-0.126,-0.088,-3.344,37.940
4.140,-0.021,-0.127,-0.090,-3.812,36.776
4.190,-0.036,-0.126,-0.087,-2.986,37.270
4.242,-0.033,-0.126,-0.087,-4.197,37.495
4.290,-0.020,-0.127,-0.087,-3.170,38.178
4.340,-0.040,-0.127,-0.086,-3.156,38.174
4.390,-0.012,-0.126,-0.089,-4.125,37.491
4.440,-0.025,-0.126,-0.093,-2.852,36.489
4.491,-0.039,-0.126,-0.094,-4.154,36.525
4.540,-0.038,-0.126,-0.087,-3.092,37.363
4.590,-0.024,-0.126,-0.088,-3.240,37.924
4.640,-0.023,-0.127,-0.088,-4.215,37.595
4.690,-0.011,-0.126,-0.085,-2.985,37.112
4.740,-0.017,-0.126,-0.084,-3.723,36.125
4.790,-0.035,-0.126,-0.088,-3.326,36.167
4.840,-0.023,-0.127,-0.089,-2.981,37.041
4.890,-0.019,-0.127,-0.087,-4.175,37.281
4.940,-0.042,-0.127,-0.088,-3.105,37.188
4.991,-0.034,-0.126,-0.089,-3.899,36.913
5.040,-0.051,-0.127,-0.093,-3.548,35.766
5.090,-0.025,-0.126,-0.092,-2.970,36.155
5.140,-0.062,-0.127,-0.102,-3.131,36.806
5.190,-0.015,-0.127,-0.092,-3.494,36.661
5.240,-0.017,-0.126,-0.089,-3.061,36.210
5.291,-0.022,-0.126,-0.094,-3.470,36.166
5.341,-0.017,-0.127,-0.090,-2.945,35.157
5.390,-0.022,-0.126,-0.090,-3.686,35.197
5.440,-0.029,-0.127,-0.087,-3.092,35.588
5.490,-0.032,-0.126,-0.091,-3.078,36.154
5.540,-0.033,-0.127,-0.091,-3.962,35.968
5.590,-0.040,-0.127,-0.088,-3.055,35.172
5.640,-0.018,-0.127,-0.089,-3.545,34.003
5.690,-0.024,-0.127,-0.092,-3.153,33.964
5.741,12.902,-0.127,-0.092,-3.685,34.228
5.790,12.902,-0.129,-0.096,-3.502,34.770
5.840,12.902,-0.128,-0.093,-3.184,34.414
5.890,12.902,-0.116,-0.096,-3.135,34.249
5.940,12.902,-0.118,-0.102,-3.229,33.946
5.990,12.902,-0.124,-0.111,-2.882,33.912
6.040,12.902,-0.123,-0.088,-4.350,34.141
6.091,12.902,-0.125,-0.090,-2.977,37.071
6.140,12.902,-0.124,-0.087,-3.135,33.977
6.190,12.902,-0.125,-0.092,-4.128,33.269
6.240,12.902,-0.127,-0.098,-2.766,32.661
6.290,-1.923,-0.125,-0.091,-4.102,32.149
6.340,12.902,-0.127,-0.103,-3.017,32.666
6.390,12.902,-0.124,-0.101,-2.123,32.993
6.440,12.902,-0.121,-0.105,-4.413,32.741
6.491,12.902,-0.118,-0.098,-2.984,32.815
6.540,12.902,-0.119,-0.086,-2.905,31.646
6.590,12.902,-0.120,-0.082,-3.433,31.485
6.640,12.902,-0.119,-0.100,-3.432,32.195
6.690,12.902,-0.123,-0.095,-3.856,32.625
6.740,12.902,-0.121,-0.074,-2.911,31.844
6.790,12.902,-0.121,-0.074,-3.547,31.802
6.840,12.902,-0.122,-0.107,-3.208,30.147
6.890,-1.423,-0.125,-0.098,-2.692,31.148
6.941,12.902,-0.128,-0.109,-3.643,31.403
6.990,12.902,-0.122,-0.100,-2.575,32.392
7.040,12.902,-0.121,-0.102,-2.312,32.036
7.090,12.902,-0.118,-0.099,-3.397,30.887
7.140,12.902,-0.119,-0.096,-2.829,30.275
7.190,12.902,-0.118,-0.091,-3.961,30.960
7.240,12.902,-0.118,-0.099,-2.997,31.209
7.291,12.902,-0.117,-0.101,-3.688,31.372
7.340,12.902,-0.115,-0.084,-3.802,32.011
7.390,12.902,-0.123,-0.083,-2.753,31.248
7.440,12.902,-0.125,-0.095,-3.926,29.780
7.490,-1.926,-0.115,-0.097,-2.690,30.493
7.540,12.902,-0.115,-0.093,-3.822,31.526
7.590,12.902,-0.120,-0.091,-4.172,32.032
7.640,12.902,-0.120,-0.104,-3.240,31.617
7.690,12.902,-0.118,-0.109,-3.203,30.209
7.740,12.902,-0.117,-0.105,-3.314,30.417
7.790,12.902,-0.118,-0.104,-3.386,30.486
7.840,12.902,-0.117,-0.096,-4.373,30.608
7.890,12.902,-0.122,-0.098,-3.270,31.621
7.940,12.902,-0.122,-0.090,-3.816,31.206
7.990,12.902,-0.120,-0.095,-3.610,30.879
8.041,-1.944,-0.117,-0.098,-3.017,29.575
8.091,-1.910,-0.121,-0.114,-4.025,29.321
8.140,-2.087,-0.119,-0.116,-3.815,30.446
8.191,-1.980,-0.118,-0.092,-3.292,30.911
8.240,-2.106,-0.118,-0.096,-3.977,29.709
8.290,-1.834,-0.112,-0.089,-2.946,28.835
8.340,-2.005,-0.114,-0.093,-3.596,27.935
8.390,-1.539,-0.108,-0.094,-3.003,29.453
8.440,-2.011,-0.110,-0.095,-3.924,30.100
8.490,-1.868,-0.104,-0.095,-3.901,30.744
8.540,-1.761,-0.104,-0.102,-2.702,29.892
8.590,-2.057,-0.105,-0.093,-3.785,30.101
8.640,-2.197,-0.106,-0.093,-4.446,29.237
8.691,12.902,-0.105,-0.095,-3.285,28.543
8.740,12.902,-0.104,-0.100,-4.259,30.264
8.790,12.902,-0.109,-0.115,-3.656,30.420
8.841,12.902,-0.112,-0.106,-3.947,30.640
8.890,12.902,-0.113,-0.075,-2.680,29.566
8.940,12.902,-0.114,-0.073,-3.474,28.868
8.990,12.902,-0.115,-0.097,-3.948,29.337
9.040,12.902,-0.117,-0.086,-2.924,29.759
9.090,12.902,-0.120,-0.102,-2.808,30.268
9.141,12.902,-0.118,-0.101,-3.406,29.955
9.190,12.902,-0.119,-0.094,-3.028,29.938
9.241,-1.800,-0.111,-0.087,-4.477,28.071
9.291,-1.948,-0.106,-0.093,-2.718,28.215
9.340,-1.940,-0.099,-0.093,-3.603,28.339
9.390,-1.767,-0.098,-0.090,-3.537,28.996
9.441,-2.143,-0.100,-0.093,-3.156,30.053
9.490,-1.745,-0.100,-0.091,-3.162,29.025
9.540,-1.709,-0.098,-0.091,-4.268,27.058
9.590,-1.939,-0.097,-0.093,-2.822,27.961
9.641,-1.907,-0.099,-0.090,-3.343,29.451
9.691,-1.884,-0.098,-0.097,-2.780,29.497
9.740,-1.678,-0.101,-0.094,-3.101,29.399
9.790,-1.923,-0.103,-0.097,-4.017,28.173
9.840,-1.928,-0.106,-0.103,-3.429,27.591
9.891,-1.661,-0.104,-0.103,-3.457,28.109
9.940,-1.899,-0.104,-0.101,-3.384,28.976
9.990,12.902,-0.105,-0.097,-2.841,29.270
10.040,12.902,-0.100,-0.098,-3.817,29.556
10.090,12.902,-0.101,-0.070,-2.725,28.634
10.140,12.902,-0.100,-0.069,-3.559,28.376
10.191,12.902,-0.101,-0.106,-3.334,28.575
10.240,12.902,-0.097,-0.104,-3.483,29.667
10.290,12.902,-0.095,-0.069,-4.007,28.991
10.340,12.902,-0.093,-0.068,-3.059,28.890
10.391,12.902,-0.093,-0.116,-4.507,29.307
10.440,12.902,-0.089,-0.120,-2.990,27.497
10.491,-1.785,-0.088,-0.102,-4.144,27.183
10.541,-1.978,-0.094,-0.102,-4.321,28.519
10.590,-1.744,-0.094,-0.096,-3.487,28.577
10.640,-1.844,-0.088,-0.100,-3.153,28.580
10.690,-1.740,-0.087,-0.106,-3.409,27.449
10.740,-1.880,-0.092,-0.104,-3.272,27.146
10.790,-1.949,-0.092,-0.081,-3.790,26.729
10.840,-1.847,-0.088,-0.092,-2.933,27.677
10.890,-1.878,-0.087,-0.087,-3.804,27.690
10.940,-1.814,-0.087,-0.081,-4.262,27.366
10.991,-1.968,-0.087,-0.081,-3.321,28.435
11.040,-1.959,-0.087,-0.088,-4.153,26.476
11.090,-1.803,-0.086,-0.095,-3.016,26.604
11.140,-1.947,-0.084,-0.094,-3.585,27.352
11.190,-1.827,-0.084,-0.082,-3.995,27.659
11.240,-1.767,-0.083,-0.077,-3.677,27.004
11.290,-1.993,-0.084,-0.084,-3.730,26.125
11.340,-1.986,-0.083,-0.092,-2.481,27.173
11.391,-1.894,-0.084,-0.090,-3.494,26.751
11.440,-1.800,-0.084,-0.088,-4.203,27.213
11.491,-1.749,-0.084,-0.094,-2.296,27.867
11.540,-1.903,-0.080,-0.090,-3.980,27.813
11.590,-1.799,-0.082,-0.092,-4.152,26.690
11.640,-1.883,-0.082,-0.099,-2.942,26.513
11.690,-2.067,-0.083,-0.091,-4.340,26.238
11.740,-1.854,-0.080,-0.093,-3.632,27.037
11.790,-1.832,-0.079,-0.089,-3.191,27.084
11.840,-1.704,-0.080,-0.093,-3.621,27.265
11.890,-1.794,-0.079,-0.084,-2.962,26.991
11.940,-1.885,-0.082,-0.078,-4.135,26.250
11.990,-1.910,-0.081,-0.078,-3.057,26.663
12.041,-1.969,-0.078,-0.082,-4.370,25.344
12.091,-1.969,-0.081,-0.072,-4.167,27.561
12.140,-1.894,-0.080,-0.075,-3.247,27.537
12.190,-1.920,-0.078,-0.094,-3.716,25.559
12.240,-2.017,-0.080,-0.089,-3.621,24.797
12.290,-1.875,-0.081,-0.099,-2.731,26.030
12.340,-1.896,-0.073,-0.094,-3.737,26.428
12.390,-1.782,-0.074,-0.084,-2.789,26.914
12.441,-1.835,-0.069,-0.086,-4.480,26.050
12.490,-1.711,-0.067,-0.073,-3.303,25.766
12.540,-1.775,-0.053,-0.072,-3.368,25.078
12.590,-1.978,-0.052,-0.084,-4.007,25.385
12.640,-1.920,-0.043,-0.079,-3.164,26.319
12.690,-1.871,-0.042,-0.078,-4.313,26.180
12.740,-1.987,-0.036,-0.072,-3.652,25.718
12.791,-1.786,-0.037,-0.063,-3.100,25.892
12.840,-1.808,-0.029,-0.058,-4.396,24.832
12.890,-1.946,-0.029,-0.036,-3.313,25.181
12.941,-1.950,-0.020,-0.041,-4.844,24.892
12.990,-1.806,-0.020,0.005,-3.714,25.646
13.040,-1.766,-0.010,0.006,-3.135,25.823
13.090,-1.942,-0.011,0.116,-4.079,25.221
13.140,-1.987,-0.020,0.117,-3.278,25.203
13.190,-1.858,-0.019,0.252,-3.254,25.710
13.240,-1.984,-0.018,0.259,-4.252,26.059
13.290,-1.804,-0.019,0.334,-2.956,25.954
13.340,-1.814,-0.011,0.335,-1.879,26.026
13.390,-1.925,-0.008,0.317,-0.392,25.321
13.441,-1.929,-0.002,0.313,0.661,25.063
13.490,-1.777,-0.002,0.318,0.493,25.325
13.540,-1.837,0.007,0.323,2.099,26.620
13.591,-1.942,0.007,0.347,2.273,25.788
13.640,-1.900,0.009,0.330,2.932,26.744
13.690,-1.769,0.008,0.380,2.186,26.440
13.740,-1.879,0.013,0.384,3.183,26.029
13.790,-1.894,0.015,0.408,4.127,26.000
13.840,-2.010,0.017,0.408,2.817,27.187
13.890,-1.880,0.017,0.435,3.925,27.492
13.940,-1.960,0.025,0.434,5.083,28.131
13.990,-1.910,0.025,0.427,3.523,27.872
14.040,-1.848,0.030,0.425,5.568,25.976
14.090,-1.773,0.029,0.462,5.441,27.732
14.141,-1.988,0.035,0.456,4.627,28.685
14.190,-1.933,0.035,0.491,5.341,30.904
14.240,-1.994,0.038,0.492,5.706,30.002
14.290,-1.882,0.037,0.499,5.818,30.665
14.340,-1.852,0.043,0.502,6.089,30.627
14.390,-1.868,0.042,0.514,5.937,32.128
14.440,-1.853,0.048,0.517,7.612,32.800
14.490,-1.930,0.048,0.526,6.674,32.814
14.540,-1.871,0.046,0.536,7.160,32.666
14.590,-1.922,0.049,0.556,8.121,33.012
14.640,-1.943,0.053,0.556,6.847,34.025
14.690,-1.894,0.054,0.567,8.715,36.075
14.740,-1.867,0.062,0.565,7.357,36.880
14.790,-1.940,0.059,0.578,8.123,37.166
14.841,-1.884,0.063,0.579,8.599,38.386
14.890,-1.940,0.063,0.607,8.593,38.045
14.940,-1.950,0.069,0.605,9.586,38.367
14.990,-1.812,0.070,0.630,9.553,39.208
15.041,-1.842,0.073,0.634,9.603,38.386
15.090,-1.948,0.072,0.643,10.214,40.710
15.140,-1.826,0.077,0.646,10.012,41.996
15.190,-1.857,0.078,0.651,9.983,42.912
15.240,-2.013,0.079,0.648,10.600,43.973
15.291,-1.770,0.077,0.669,9.533,43.643
15.340,-1.912,0.084,0.669,11.195,45.280
15.390,-2.006,0.083,0.681,10.968,46.139
15.440,-1.982,0.092,0.684,11.547,46.747
15.491,-2.024,0.093,0.705,11.725,46.677
15.540,-2.161,0.093,0.702,11.811,46.302
15.591,-2.019,0.092,0.743,12.961,47.245
15.640,-1.935,0.096,0.740,12.111,50.598
15.690,-2.023,0.096,0.748,12.683,52.379
15.740,-1.925,0.099,0.748,13.172,53.598
15.790,-1.814,0.099,0.775,13.163,52.843
15.840,-1.918,0.104,0.770,13.967,53.250
15.890,-1.898,0.104,0.787,13.897,53.919
15.940,-1.799,0.109,0.779,14.078,55.930
15.990,-1.909,0.109,0.812,15.342,55.929
16.040,-1.908,0.115,0.818,15.217,57.435
16.090,-1.855,0.113,0.823,14.546,57.533
16.140,-1.872,0.119,0.822,15.426,58.428
16.190,-1.920,0.119,0.842,15.894,60.759
16.240,-1.926,0.122,0.868,16.119,63.826
16.290,-1.942,0.122,0.882,17.153,64.176
16.340,-1.833,0.127,0.875,16.613,65.296
16.390,-1.804,0.127,0.889,18.066,64.738
16.440,-1.908,0.134,0.888,17.773,64.961
16.490,-1.931,0.134,0.902,18.448,66.579
16.540,-1.950,0.139,0.903,18.420,67.732
16.590,-1.790,0.139,0.927,18.627,70.164
16.640,-1.980,0.143,0.926,19.012,71.825
16.690,-1.941,0.145,0.950,17.767,72.725
16.740,-1.861,0.149,0.956,19.424,74.834
16.790,-2.000,0.151,0.971,19.907,75.478
16.840,-1.870,0.158,0.995,20.576,78.544
16.890,-1.958,0.158,0.991,21.231,79.364
16.940,-1.932,0.159,0.991,21.427,79.076
16.990,-2.040,0.160,1.001,21.995,78.515
17.040,-1.990,0.159,1.017,22.062,79.080
17.090,-1.890,0.160,1.032,22.443,81.853
17.140,-2.066,0.164,1.033,23.727,84.821
17.190,-1.964,0.164,1.034,22.297,87.667
17.240,-1.925,0.174,1.050,24.567,89.684
17.290,-1.974,0.174,1.084,25.475,91.049
17.340,-2.001,0.181,1.086,25.272,90.980
17.390,-1.890,0.182,1.107,25.529,93.633
17.441,-1.903,0.180,1.132,26.831,95.161
17.490,-1.991,0.180,1.129,27.751,95.156
17.540,-1.783,0.186,1.134,27.972,95.871
17.590,-1.972,0.185,1.133,27.043,96.387
17.640,-1.991,0.186,1.144,28.700,99.163
17.690,-1.859,0.187,1.146,27.930,103.943
17.741,-1.964,0.192,1.176,29.243,106.340
17.790,-1.990,0.192,1.175,30.577,109.468
17.840,-1.997,0.200,1.202,29.996,110.176
17.890,-1.840,0.201,1.215,30.662,110.483
17.940,-1.967,0.203,1.231,32.368,111.342
17.990,-2.044,0.203,1.223,32.650,112.382
18.040,-1.922,0.211,1.245,33.604,113.564
18.090,-1.966,0.211,1.246,32.087,116.407
18.140,-1.941,0.213,1.277,33.536,120.016
18.190,-2.043,0.214,1.281,33.663,124.571
18.240,-1.823,0.225,1.298,34.510,126.105
18.291,-1.923,0.224,1.293,37.073,128.402
18.340,-1.727,0.221,1.327,37.970,130.687
18.390,-2.123,0.219,1.316,38.248,132.662
18.441,-1.972,0.222,1.319,39.379,134.344
18.490,-1.811,0.222,1.314,39.451,134.525
18.540,-2.001,0.220,1.313,40.143,134.271
18.590,-2.023,0.219,1.323,40.174,139.753
18.640,-2.016,0.228,1.325,41.366,144.363
18.690,-1.944,0.230,1.326,41.161,148.670
18.740,-1.999,0.227,1.335,41.161,152.172
18.790,-2.061,0.227,1.324,44.021,153.647
18.840,-2.043,0.228,1.342,45.752,155.468
18.890,-1.905,0.231,1.340,45.732,158.004
18.940,-1.755,0.224,1.348,47.301,158.446
18.991,-1.958,0.224,1.336,46.749,160.703
19.041,-2.038,0.229,1.347,48.095,161.317
19.091,-1.837,0.228,1.344,49.080,164.235
19.140,-1.980,0.227,1.341,48.232,168.489
19.190,-2.017,0.227,1.330,49.010,173.968
19.240,-2.038,0.228,1.348,50.740,178.601
19.290,-1.876,0.228,1.347,52.452,183.138
19.341,-1.895,0.223,1.350,53.598,185.078
19.390,-1.966,0.223,1.354,53.848,185.866
19.440,-2.021,0.226,1.343,55.996,186.782
19.491,-1.782,0.226,1.344,56.013,189.543
19.541,-1.913,0.229,1.345,56.938,189.988
19.591,-1.972,0.227,1.352,57.783,196.354
19.640,-2.032,0.229,1.351,57.916,202.588
19.690,-1.808,0.228,1.357,58.478,207.618
19.740,-1.911,0.232,1.363,59.756,211.707
19.790,-1.996,0.232,1.358,60.681,215.204
19.840,-1.899,0.238,1.345,63.043,219.512
19.890,-1.822,0.237,1.353,64.247,221.810
19.941,-1.935,0.232,1.356,66.236,222.411
19.990,-1.903,0.231,1.362,67.244,224.224
20.040,-1.929,0.233,1.351,68.172,224.996
20.090,-1.759,0.232,1.357,69.172,228.854
20.140,-2.076,0.226,1.345,68.204,238.490
20.190,-1.882,0.225,1.339,69.900,245.711
20.240,-1.932,0.227,1.347,70.865,251.412
20.290,-1.867,0.228,1.348,72.174,254.240
20.340,-1.862,0.227,1.347,74.655,256.966
20.391,-1.840,0.232,1.350,77.539,260.689
20.440,-2.005,0.232,1.368,78.654,264.499
20.490,-1.795,0.232,1.367,80.777,266.196
20.541,-1.790,0.229,1.364,80.358,266.909
20.591,-1.877,0.229,1.368,82.310,272.394
20.640,-1.923,0.231,1.361,82.849,277.009
20.691,-1.921,0.232,1.353,82.132,288.746
20.740,-2.022,0.231,1.357,84.409,296.370
20.790,-1.934,0.232,1.348,86.081,302.316
20.840,-2.025,0.229,1.358,90.222,306.717
20.890,-1.846,0.225,1.377,91.225,307.658
20.940,-2.002,0.226,1.361,92.987,311.501
20.990,-1.797,0.227,1.370,94.208,313.243
21.040,-1.722,0.229,1.356,95.345,315.900
21.090,-1.908,0.229,1.354,96.885,322.804
21.141,-1.899,0.230,1.350,96.564,333.123
21.191,-1.986,0.230,1.352,96.142,340.357
21.240,-1.918,0.230,1.361,98.126,346.488
21.290,-1.861,0.230,1.353,99.092,353.062
21.340,-1.876,0.228,1.374,101.777,359.239
21.390,-1.986,0.228,1.378,103.793,362.869
21.440,-2.094,0.227,1.349,104.252,365.375
21.490,-1.956,0.231,1.351,106.977,367.538
21.540,-2.021,0.234,1.362,107.723,369.650
21.590,-1.832,0.231,1.372,107.024,373.219
21.640,-1.672,0.231,1.372,109.680,380.882
21.690,-1.924,0.229,1.362,108.778,389.874
21.740,-1.822,0.228,1.361,109.751,394.295
21.791,-1.801,0.228,1.371,111.293,397.357
21.840,-1.724,0.229,1.372,112.362,400.191
21.890,-1.996,0.233,1.360,116.572,404.738
21.940,-1.809,0.232,1.363,116.997,406.960
21.991,-2.042,0.231,1.366,118.710,409.167
22.040,-1.812,0.232,1.363,119.268,408.450
22.090,-1.799,0.228,1.361,118.536,413.432
22.140,-1.896,0.226,1.360,120.814,422.247
22.190,-2.005,0.229,1.363,119.701,430.171
22.241,-1.859,0.231,1.356,121.081,437.379
22.290,-1.828,0.232,1.367,123.569,441.202
22.341,-1.889,0.232,1.356,125.206,445.987
22.391,-2.072,0.237,1.359,127.718,449.081
22.441,-1.885,0.236,1.349,128.498,449.612
22.490,-1.894,0.237,1.355,129.480,453.392
22.540,-1.777,0.236,1.360,131.391,455.119
22.591,-1.936,0.228,1.370,130.132,457.858
22.640,-1.879,0.226,1.358,132.239,463.589
22.690,-1.832,0.229,1.361,132.526,467.509
22.740,-1.844,0.230,1.334,132.087,472.685
22.790,-1.979,0.227,1.339,134.544,477.250
22.840,-1.678,0.227,1.369,135.220,479.616
22.890,-1.856,0.231,1.365,136.632,482.030
22.940,-1.803,0.232,1.374,139.237,484.610
22.990,-1.975,0.227,1.374,139.483,483.647
23.040,-1.715,0.227,1.370,140.028,484.515
23.090,-1.779,0.232,1.371,140.600,489.774
23.140,-1.735,0.231,1.366,141.228,499.420
23.190,-1.954,0.230,1.374,141.568,506.392
23.240,-1.965,0.229,1.361,141.357,508.991
23.290,-2.014,0.232,1.365,143.709,514.233
23.340,-1.835,0.234,1.362,144.640,517.820
23.390,-1.918,0.226,1.346,145.721,521.441
23.440,-1.895,0.226,1.365,146.954,524.430
23.491,-1.686,0.232,1.371,147.374,524.930
23.541,-1.995,0.231,1.364,148.822,528.586
23.590,-1.939,0.227,1.363,149.037,530.698
23.640,-1.974,0.226,1.363,149.505,534.916
23.690,-1.689,0.231,1.373,150.197,540.567
23.741,-2.030,0.231,1.366,149.231,546.802
23.791,-1.907,0.228,1.365,152.012,549.485
23.840,-1.995,0.228,1.357,152.354,551.244
23.891,-1.768,0.232,1.371,152.959,552.168
23.940,-1.922,0.231,1.345,156.319,554.632
23.990,-1.921,0.233,1.351,155.218,556.171
24.041,-1.890,0.233,1.377,156.721,557.108
24.090,-1.893,0.228,1.367,156.980,562.580
24.140,-1.860,0.228,1.363,156.228,568.609
24.190,-1.714,0.227,1.373,157.303,572.372
24.240,-1.992,0.226,1.363,157.442,577.528
24.290,-1.785,0.227,1.377,158.962,580.429
24.341,-1.932,0.225,1.359,161.322,584.727
24.390,-1.796,0.230,1.364,161.396,587.406
24.440,-1.786,0.230,1.361,162.702,587.301
24.490,-1.711,0.230,1.358,164.408,588.437
24.540,-1.887,0.229,1.363,163.557,590.969
24.591,-1.830,0.225,1.355,165.244,597.064
24.640,-1.914,0.225,1.364,164.138,603.699
24.690,-1.717,0.228,1.369,165.608,608.683
24.740,-2.014,0.226,1.358,165.205,614.742
24.790,-1.746,0.230,1.365,166.237,615.771
24.840,-1.767,0.231,1.386,168.673,620.396
24.890,-1.941,0.231,1.375,169.120,623.099
24.940,-1.946,0.230,1.359,170.129,626.016
24.990,-1.852,0.227,1.358,171.180,627.077
25.040,-1.868,0.225,1.342,169.779,626.827
25.090,-1.945,0.229,1.347,172.115,629.552
25.140,-2.067,0.229,1.371,171.122,635.409
25.190,-1.854,0.236,1.366,171.589,641.548
25.241,-1.930,0.233,1.353,172.658,644.689
25.290,-1.646,0.236,1.363,172.041,647.138
25.340,-1.909,0.235,1.365,173.624,648.794
25.391,-1.882,0.232,1.365,174.662,650.925
25.440,-1.913,0.230,1.378,174.377,652.021
25.490,-1.899,0.229,1.376,176.143,653.508
25.540,-1.966,0.228,1.376,175.483,654.924
25.590,-1.894,0.228,1.368,175.918,658.192
25.640,-1.882,0.229,1.372,175.728,662.150
25.690,-1.917,0.228,1.364,174.986,663.973
25.740,-2.043,0.227,1.359,177.123,666.289
25.790,-1.845,0.232,1.371,177.847,671.245
25.840,-1.943,0.229,1.366,179.983,673.475
25.891,-1.933,0.227,1.369,180.740,675.425
25.940,-1.947,0.228,1.370,180.396,675.238
25.991,-1.927,0.229,1.373,182.970,676.312
26.040,-1.960,0.229,1.363,182.384,677.057
26.090,-1.780,0.233,1.382,182.393,679.380
26.140,-2.004,0.229,1.369,183.859,684.288
26.190,-1.879,0.229,1.378,183.479,688.136
26.240,-1.830,0.227,1.363,184.232,691.580
26.290,-1.905,0.227,1.360,185.078,692.185
26.340,-1.743,0.229,1.362,184.873,694.665
26.391,-1.732,0.234,1.368,186.688,697.492
26.441,-1.773,0.233,1.367,186.547,698.336
26.491,-1.931,0.228,1.353,187.734,700.456
26.541,-2.002,0.229,1.359,188.710,700.544
26.590,-1.996,0.228,1.362,187.696,700.654
26.640,-1.848,0.227,1.364,189.539,703.307
26.690,-1.892,0.226,1.363,187.960,705.956
26.740,-1.952,0.225,1.358,189.092,707.914
26.790,-1.991,0.230,1.357,189.393,707.970
26.840,-1.790,0.231,1.367,189.330,708.785
26.890,-1.941,0.229,1.365,191.529,707.785
26.941,-1.842,0.229,1.368,191.137,709.145
26.990,-2.047,0.229,1.378,191.829,711.221
27.040,-1.730,0.229,1.382,192.144,712.221
27.090,-2.018,0.225,1.363,191.138,712.499
27.140,-1.672,0.226,1.372,192.160,713.063
27.190,-1.769,0.231,1.372,193.092,714.134
27.240,-1.864,0.229,1.367,193.416,716.034
27.290,-1.943,0.227,1.370,194.743,716.282
27.341,-1.890,0.226,1.375,194.908,718.166
27.390,-1.787,0.230,1.377,195.781,717.791
27.441,-1.776,0.229,1.375,196.299,719.356
27.491,-1.882,0.225,1.362,196.921,717.806
27.540,-1.890,0.224,1.364,198.016,719.560
27.590,-2.045,0.230,1.363,197.590,722.146
27.640,-1.779,0.227,1.360,198.157,725.864
27.690,-1.876,0.230,1.364,199.165,727.651
27.741,-1.900,0.229,1.354,197.689,730.018
27.790,-1.951,0.230,1.357,199.731,731.053
27.840,-1.847,0.231,1.366,198.637,733.146
27.890,-1.973,0.223,1.374,200.586,735.176
27.940,-1.922,0.223,1.382,199.809,736.247
27.990,-2.070,0.232,1.364,199.147,736.653
28.040,-1.756,0.234,1.375,200.561,735.958
28.091,-1.751,0.233,1.360,200.070,738.587
28.140,-1.730,0.234,1.365,200.317,739.522
28.190,-1.941,0.237,1.370,201.890,743.550
28.240,-1.835,0.239,1.379,200.716,745.119
28.290,-1.856,0.229,1.366,201.727,745.652
28.340,-1.964,0.229,1.370,202.684,746.507
28.391,-1.700,0.234,1.374,201.929,746.272
28.440,-1.880,0.234,1.358,203.574,747.343
28.491,-1.737,0.234,1.377,203.189,749.139
28.541,-1.881,0.233,1.374,204.362,750.729
28.591,-1.636,0.238,1.370,204.783,750.572
28.640,-1.857,0.238,1.366,203.678,752.905
28.691,-1.796,0.227,1.381,205.054,757.002
28.740,-1.751,0.227,1.382,205.452,758.675
28.790,-2.078,0.231,1.356,204.615,761.223
28.840,-1.897,0.232,1.355,205.889,762.734
28.891,-1.758,0.233,1.355,205.266,764.145
28.940,-1.874,0.234,1.352,206.194,762.709
28.991,-1.913,0.233,1.364,205.950,762.518
29.040,-1.951,0.233,1.363,206.179,764.055
29.090,-1.784,0.228,1.363,206.946,768.567
29.140,-1.720,0.229,1.373,206.812,769.858
29.190,-2.037,0.234,1.366,207.039,772.273
29.240,-1.799,0.234,1.379,207.856,772.035
29.290,-1.926,0.235,1.378,206.951,774.464
29.340,-1.893,0.235,1.380,208.986,775.289
29.391,-1.629,0.235,1.369,207.331,776.841
29.441,-1.819,0.235,1.363,209.084,779.964
29.491,-1.814,0.232,1.371,208.344,780.613
29.540,-1.887,0.231,1.372,208.421,779.743
29.590,-1.957,0.233,1.362,209.880,779.459
29.640,-1.752,0.235,1.371,209.719,782.273
29.690,-1.796,0.236,1.372,210.122,784.776
29.741,-1.940,0.237,1.379,209.783,785.085
29.790,-1.620,0.235,1.377,208.682,785.741
29.841,-1.995,0.233,1.365,211.972,785.665
29.890,-1.752,0.230,1.373,211.335,785.713
29.940,-1.899,0.227,1.367,212.064,786.956
29.990,-1.917,0.229,1.352,213.370,787.774
30.041,-1.978,0.230,1.355,212.322,788.904
30.090,-1.811,0.234,1.374,214.090,791.334
30.140,-1.999,0.234,1.370,213.062,792.444
30.190,-1.595,0.230,1.381,212.252,792.663
30.241,-2.025,0.229,1.364,213.104,795.451
30.290,-1.790,0.235,1.374,213.742,798.438
30.340,-1.827,0.232,1.370,213.506,800.506
30.390,-1.908,0.227,1.359,214.446,800.616
30.441,-1.680,0.229,1.376,212.271,800.210
30.491,-1.825,0.234,1.370,215.137,800.499
30.540,-1.914,0.236,1.373,213.543,801.244
30.590,-1.794,0.232,1.377,214.025,803.112
30.640,-1.999,0.230,1.376,213.928,805.544
30.690,-1.780,0.230,1.369,213.319,806.698
30.740,-1.897,0.228,1.358,214.647,805.122
30.790,-1.950,0.227,1.364,215.426,806.286
30.840,-1.622,0.229,1.380,215.949,807.942
30.890,-1.764,0.233,1.357,215.944,810.282
30.941,-1.753,0.233,1.354,216.304,810.978
30.990,-1.937,0.231,1.369,216.733,809.884
31.040,-1.622,0.232,1.376,217.518,809.529
31.090,-1.813,0.228,1.354,217.863,809.970
31.140,-1.765,0.229,1.364,217.824,811.305
31.190,-1.981,0.225,1.359,216.358,814.536
31.240,-1.813,0.226,1.358,218.433,815.127
31.290,-1.864,0.227,1.359,217.577,816.705
31.340,-1.866,0.228,1.367,217.406,815.117
31.391,-1.994,0.231,1.366,218.846,815.563
31.441,-1.876,0.230,1.373,217.122,816.714
31.491,-1.972,0.229,1.370,218.354,818.581
31.541,-1.843,0.230,1.371,218.712,818.969
31.591,-1.849,0.224,1.366,217.324,820.345
31.640,-1.704,0.226,1.376,218.978,819.940
31.690,-1.856,0.231,1.369,219.175,822.529
31.740,-1.923,0.231,1.365,218.637,826.671
31.790,-1.911,0.232,1.360,219.534,827.792
31.841,-1.671,0.237,1.373,218.008,828.613
31.890,-1.884,0.238,1.366,219.442,829.274
31.940,-1.885,0.237,1.358,218.753,829.024
31.990,-1.821,0.230,1.377,218.893,829.058
32.041,-1.803,0.229,1.370,219.838,829.633
32.091,-1.820,0.239,1.368,219.374,831.867
32.140,-1.962,0.236,1.356,219.799,834.056
32.191,-1.773,0.225,1.378,219.180,833.241
32.241,-1.806,0.226,1.375,220.198,833.788
32.290,-1.973,0.230,1.354,220.587,832.640
32.340,-1.890,0.231,1.351,220.216,834.265
32.391,-1.841,0.227,1.371,221.577,834.337
32.441,-1.832,0.227,1.363,221.690,834.918
32.491,-1.886,0.230,1.375,220.312,835.524
32.540,-1.913,0.229,1.367,222.567,833.950
32.591,-1.803,0.227,1.372,221.077,834.164
32.641,-1.805,0.229,1.369,222.616,835.036
32.690,-1.923,0.230,1.361,222.945,837.995
32.740,-1.693,0.228,1.366,221.502,839.619
32.791,-1.924,0.226,1.377,222.653,839.557
32.840,-1.877,0.224,1.371,222.357,837.919
32.890,-1.924,0.230,1.352,221.848,838.214
32.941,-1.813,0.229,1.361,222.506,839.177
32.990,-1.877,0.229,1.356,221.718,840.702
33.040,-1.796,0.231,1.353,222.717,840.636
33.090,-2.008,0.229,1.367,222.582,842.380
33.140,-1.792,0.231,1.363,222.012,843.267
33.190,-1.743,0.225,1.370,223.781,844.329
33.240,-1.839,0.225,1.369,222.278,846.953
33.291,-1.906,0.229,1.370,224.025,849.140
33.341,-2.019,0.230,1.363,223.021,851.631
33.390,-1.721,0.231,1.348,224.254,852.695
33.440,-1.673,0.231,1.358,224.569,850.425
33.490,-1.709,0.231,1.387,223.739,849.908
33.540,-1.774,0.228,1.390,223.598,852.201
33.590,-1.729,0.227,1.384,224.541,854.292
33.640,-1.880,0.228,1.379,223.231,856.566
33.690,-1.841,0.229,1.366,225.416,858.206
33.740,-1.904,0.229,1.353,224.321,858.103
33.790,-1.774,0.228,1.364,224.993,859.455
33.840,-1.848,0.228,1.361,226.026,860.995
33.891,-1.828,0.230,1.366,226.127,861.852
33.940,-1.922,0.230,1.365,226.622,864.415
33.990,-1.683,0.228,1.363,226.949,865.374
34.041,-1.764,0.231,1.371,226.589,864.119
34.090,-1.810,0.229,1.368,228.565,863.369
34.140,-1.865,0.230,1.372,226.299,866.141
34.190,-1.620,0.230,1.359,228.228,868.280
34.240,-1.753,0.229,1.355,227.361,869.417
34.290,-1.867,0.228,1.371,227.285,868.926
34.341,-1.740,0.230,1.376,228.343,868.688
34.390,-1.741,0.230,1.367,227.342,870.300
34.441,-1.911,0.232,1.370,227.919,869.493
34.490,-1.714,0.232,1.377,228.103,871.336
34.540,-1.815,0.231,1.380,227.468,871.965
34.590,-1.749,0.231,1.376,227.243,872.382
34.640,-1.776,0.227,1.373,226.257,871.727
34.690,-1.817,0.227,1.372,227.269,872.646
34.740,-1.896,0.225,1.366,227.904,874.421
34.790,-1.812,0.228,1.368,226.997,878.084
34.840,-1.941,0.226,1.363,228.437,878.231
34.890,-1.772,0.225,1.373,228.347,877.992
34.940,-1.749,0.233,1.372,227.841,876.675
34.990,-1.615,0.231,1.353,229.689,878.401
35.040,-1.728,0.234,1.355,228.355,878.924
35.090,-1.821,0.234,1.363,229.553,882.013
35.140,-1.852,0.232,1.363,229.224,886.191
35.190,-1.784,0.233,1.369,228.883,887.665
35.240,-1.769,0.226,1.367,229.599,888.256
35.290,-1.732,0.228,1.372,229.343,890.826
35.340,-1.897,0.236,1.366,230.652,894.047
35.390,-1.620,0.234,1.362,230.469,896.992
35.440,-1.809,0.231,1.357,230.869,898.288
35.490,-1.794,0.233,1.392,231.098,897.592
35.540,-1.766,0.233,1.372,231.593,897.048
35.590,-1.648,0.234,1.379,231.535,899.428
35.640,-1.915,0.228,1.365,231.494,901.434
35.690,-1.776,0.228,1.366,230.918,904.730
35.740,-1.936,0.237,1.364,232.018,905.957
35.790,-1.669,0.237,1.364,231.619,907.476
35.840,-1.861,0.233,1.366,231.321,906.527
35.890,-1.745,0.234,1.367,232.271,906.200
35.940,-1.875,0.232,1.375,231.952,906.265
35.990,-1.683,0.232,1.369,232.220,910.155
36.040,-1.837,0.229,1.381,232.756,911.268
36.090,-1.990,0.228,1.371,232.787,910.397
36.140,-1.924,0.232,1.378,233.475,909.577
36.191,-1.836,0.232,1.376,232.219,909.934
36.240,-1.726,0.232,1.368,233.312,910.563
36.290,-1.935,0.233,1.382,233.451,912.719
36.341,-1.631,0.231,1.365,232.599,912.797
36.391,-1.828,0.230,1.365,234.143,913.980
36.440,-1.753,0.228,1.380,232.922,912.217
36.490,-1.859,0.226,1.372,234.059,910.936
36.540,-1.895,0.233,1.367,234.377,911.426
36.591,-1.946,0.235,1.373,233.080,915.090
36.640,-1.745,0.236,1.375,234.668,916.948
36.691,-1.926,0.237,1.373,233.462,917.004
36.741,-1.897,0.234,1.378,233.812,917.143
36.790,-1.792,0.233,1.372,234.354,915.316
36.841,-1.804,0.224,1.378,233.517,918.198
36.890,-1.973,0.224,1.375,234.841,919.455
36.941,-1.934,0.229,1.373,233.404,920.695
36.990,-1.867,0.230,1.371,233.996,920.327
37.040,-1.822,0.228,1.369,234.212,920.574
37.091,-1.993,0.227,1.362,233.118,920.433
37.140,-1.941,0.232,1.364,234.320,922.634
37.190,-1.799,0.232,1.363,234.456,926.112
37.240,-1.877,0.228,1.365,234.292,929.405
37.291,-1.895,0.228,1.363,234.228,930.610
37.340,-1.790,0.230,1.366,234.098,929.512
37.391,-1.755,0.229,1.365,233.940,930.055
37.440,-1.728,0.226,1.371,235.016,932.893
37.490,-1.804,0.227,1.361,233.120,933.865
37.540,-1.832,0.231,1.358,235.025,933.784
37.591,-1.976,0.231,1.363,233.789,935.816
37.640,-1.752,0.224,1.373,234.072,933.886
37.690,-1.888,0.223,1.373,234.357,933.940
37.740,-1.851,0.231,1.371,233.038,935.968
37.790,-1.689,0.232,1.373,234.791,937.098
37.840,-1.841,0.227,1.363,234.485,938.626
37.891,-1.901,0.228,1.364,235.328,937.838
37.940,-1.651,0.229,1.379,236.115,935.851
37.990,-1.831,0.230,1.369,234.969,937.066
38.041,-1.842,0.228,1.370,237.615,936.277
38.090,-1.803,0.228,1.369,236.514,938.297
38.140,-1.909,0.231,1.371,236.108,938.421
38.190,-1.688,0.231,1.373,237.190,936.574
38.240,-1.837,0.227,1.356,236.375,935.954
38.291,-1.785,0.227,1.353,236.405,936.211
38.340,-1.588,0.230,1.375,237.054,937.843
38.390,-1.723,0.229,1.374,235.304,938.006
38.440,-1.901,0.227,1.369,236.865,938.344
38.490,-1.848,0.227,1.370,235.815,936.276
38.540,-1.610,0.233,1.367,234.563,934.535
38.590,-1.944,0.231,1.362,236.016,936.350
38.640,-1.922,0.228,1.368,235.260,937.078
38.690,-1.857,0.227,1.371,235.742,938.782
38.740,-1.936,0.228,1.372,235.239,939.277
38.790,-1.941,0.230,1.370,234.871,938.817
38.841,-1.811,0.228,1.358,235.315,939.055
38.891,-1.830,0.228,1.366,234.215,937.772
38.941,-1.855,0.231,1.370,236.362,938.659
38.990,-1.839,0.229,1.365,235.874,941.181
39.040,-1.859,0.233,1.372,235.471,940.871
39.091,-1.807,0.233,1.366,236.007,939.601
39.140,-1.833,0.231,1.378,235.092,938.762
39.190,-1.729,0.231,1.369,235.370,937.827
39.241,-1.929,0.229,1.378,235.224,937.788
39.291,-1.737,0.232,1.378,235.796,940.270
39.340,-1.847,0.228,1.373,236.929,938.830
39.390,-1.793,0.228,1.374,235.922,938.927
39.440,-1.887,0.230,1.368,236.667,937.749
39.491,-1.748,0.231,1.368,235.441,937.941
39.541,-1.856,0.230,1.367,234.774,938.439
39.590,-1.823,0.230,1.358,236.815,937.296
39.641,-1.861,0.224,1.366,235.925,936.021
39.691,-1.770,0.223,1.366,237.349,933.567
39.740,-1.846,0.225,1.368,236.520,929.862
39.790,-1.860,0.225,1.365,235.727,927.765
39.840,-1.841,0.229,1.393,236.445,928.424
39.890,-1.840,0.230,1.386,236.170,929.488
39.940,-1.813,0.228,1.363,235.961,928.138
39.991,-1.890,0.228,1.369,236.708,927.820
40.040,-2.037,0.230,1.370,235.714,925.861
40.090,-1.765,0.231,1.372,237.825,924.251
40.140,-1.792,0.223,1.371,236.831,925.701
40.190,-1.845,0.223,1.369,237.032,924.872
40.241,-2.011,0.230,1.355,237.029,925.438
40.290,-1.871,0.229,1.359,236.149,925.146
40.340,-1.849,0.225,1.364,236.140,921.193
40.390,-1.722,0.226,1.366,237.154,923.234
40.440,-1.812,0.230,1.371,236.020,922.690
40.490,-1.768,0.230,1.373,237.411,924.936
40.540,-1.928,0.226,1.367,237.022,923.834
40.590,-1.807,0.224,1.371,237.514,921.553
40.640,-1.991,0.233,1.369,237.082,921.901
40.691,-1.863,0.234,1.366,235.601,922.172
40.740,-1.795,0.231,1.359,237.313,923.088
40.790,-1.696,0.229,1.369,238.252,923.880
40.840,-1.971,0.237,1.364,236.510,923.593
40.891,-1.932,0.237,1.368,238.595,923.609
40.940,-1.788,0.231,1.387,237.891,922.168
40.991,-1.843,0.231,1.385,238.534,920.620
41.040,-1.919,0.232,1.392,238.925,923.814
41.090,-1.931,0.231,1.387,238.577,924.337
41.140,-1.775,0.231,1.366,239.989,924.157
41.190,-1.820,0.231,1.368,238.667,923.181
41.240,-1.970,0.231,1.375,238.695,922.424
41.290,-1.882,0.232,1.378,239.050,923.423
41.340,-1.725,0.227,1.380,238.517,925.356
41.390,-1.848,0.227,1.376,240.375,925.207
41.441,-1.767,0.227,1.366,240.489,925.749
41.490,-1.853,0.228,1.361,240.162,925.401
41.540,-1.741,0.227,1.355,240.745,923.672
41.590,-1.912,0.227,1.359,239.973,924.412
41.640,-1.805,0.232,1.366,240.992,925.167
41.690,-1.910,0.231,1.364,240.852,926.218
41.740,-1.717,0.227,1.375,240.351,926.555
41.790,-1.797,0.226,1.367,241.614,925.229
41.840,-1.845,0.232,1.363,240.330,924.403
41.890,-1.822,0.232,1.366,242.477,924.132
41.940,-1.770,0.231,1.364,241.520,925.234
41.990,-1.935,0.231,1.360,241.170,925.993
42.040,-1.755,0.232,1.372,242.393,926.728
42.090,-1.849,0.231,1.365,241.592,926.963
42.140,-1.694,0.226,1.371,242.692,926.939
42.190,-1.800,0.227,1.368,242.227,926.090
42.241,-1.835,0.228,1.376,242.144,926.954
42.290,-1.886,0.230,1.378,242.686,929.573
42.341,-1.648,0.230,1.378,242.052,930.413
42.390,-1.826,0.230,1.380,242.385,929.242
42.440,-1.923,0.237,1.368,243.327,928.660
42.491,-1.898,0.237,1.356,242.569,928.245
42.540,-1.702,0.234,1.373,243.081,930.640
42.590,-1.814,0.233,1.368,242.611,932.001
42.640,-1.858,0.237,1.373,241.990,929.463
42.690,-1.941,0.238,1.368,243.346,928.301
42.740,-1.708,0.230,1.385,241.376,927.789
42.790,-1.753,0.229,1.385,242.409,926.046
42.840,-1.850,0.231,1.382,242.451,926.175
42.890,-2.008,0.231,1.376,241.023,927.585
42.941,-1.786,0.230,1.370,243.060,927.910
42.990,-1.875,0.231,1.372,241.131,926.302
43.041,-1.931,0.231,1.380,243.290,925.936
43.090,-1.928,0.231,1.378,242.644,925.260
43.140,-1.755,0.227,1.388,241.763,928.523
43.190,-1.810,0.226,1.384,243.061,929.167
43.240,-1.870,0.233,1.374,241.620,929.714
43.290,-1.958,0.234,1.368,242.364,929.882
43.340,-1.861,0.230,1.384,243.010,929.578
43.390,-1.869,0.230,1.381,241.776,929.417
43.440,-1.917,0.226,1.374,243.187,929.797
43.490,-2.055,0.227,1.367,242.634,932.702
43.541,-1.869,0.227,1.380,242.573,932.576
43.590,-1.904,0.227,1.379,242.409,932.252
43.640,-1.827,0.230,1.372,241.911,932.761
43.690,-1.979,0.231,1.379,243.216,937.247
43.740,-1.846,0.229,1.368,243.161,939.802
43.790,-1.663,0.228,1.371,241.925,941.998
43.840,-1.844,0.229,1.363,243.095,942.642
43.891,-1.774,0.229,1.372,241.460,943.339
43.940,-1.871,0.228,1.354,244.368,942.896
43.991,-1.706,0.228,1.356,242.525,943.180
44.040,-1.921,0.229,1.374,241.579,945.415
44.090,-1.824,0.230,1.379,243.587,945.755
44.141,-1.890,0.228,1.384,241.586,946.793
44.190,-1.703,0.227,1.380,243.435,946.026
44.241,-1.943,0.226,1.359,243.459,944.646
44.290,-1.834,0.226,1.368,242.395,944.541
44.340,-1.777,0.231,1.361,244.203,945.754
44.390,-1.734,0.231,1.366,243.276,946.732
44.440,-1.971,0.230,1.362,243.257,947.201
44.491,-1.813,0.229,1.372,243.349,946.098
44.541,-1.894,0.231,1.376,242.833,943.649
44.590,-1.757,0.233,1.385,244.380,945.107
44.640,-1.802,0.227,1.370,243.875,945.268
44.690,-1.753,0.230,1.381,242.765,946.373
44.740,-1.883,0.231,1.381,244.387,946.385
44.790,-1.766,0.230,1.379,242.707,946.799
44.840,-2.023,0.224,1.359,243.494,944.577
44.891,-1.817,0.225,1.367,243.218,943.319
44.941,-1.925,0.233,1.352,242.787,945.196
44.990,-1.797,0.235,1.363,243.604,946.175
45.040,-1.852,0.227,1.370,243.055,946.590
45.090,-1.854,0.228,1.369,243.069,943.049
45.141,-1.867,0.233,1.364,242.955,944.145
45.190,-1.760,0.233,1.368,241.615,942.480
45.240,-1.843,0.231,1.377,243.294,944.136
45.290,-1.691,0.234,1.365,243.280,943.666
45.340,-1.847,0.233,1.373,242.464,943.528
45.391,-1.856,0.231,1.364,242.546,943.371
45.440,-1.934,0.225,1.360,241.587,941.076
45.490,-1.754,0.231,1.352,243.159,941.499
45.541,-1.898,0.231,1.361,242.510,942.663
45.590,-1.734,0.230,1.363,241.547,943.415
45.640,-1.827,0.229,1.371,243.381,943.750
45.690,-1.669,0.232,1.352,242.964,941.884
45.740,-1.950,0.233,1.362,243.092,941.826
45.791,-1.802,0.231,1.383,241.880,941.796
45.840,-1.818,0.229,1.377,242.090,944.232
45.890,-1.933,0.229,1.392,243.422,943.381
45.940,-1.875,0.233,1.385,242.218,944.090
45.990,-1.737,0.229,1.365,242.492,942.954
46.041,-1.813,0.226,1.367,242.283,943.318
46.090,-1.851,0.227,1.361,241.833,942.614
46.140,-1.884,0.229,1.371,243.104,943.820
46.190,-1.986,0.228,1.372,242.478,945.159
46.241,-1.863,0.227,1.374,241.960,945.513
46.290,-1.842,0.226,1.370,243.460,944.549
46.340,-1.849,0.226,1.367,242.180,942.620
46.390,-1.919,0.232,1.368,242.601,944.572
46.440,-1.752,0.230,1.363,243.049,944.548
46.491,-1.853,0.231,1.374,243.265,945.264
46.540,-1.898,0.233,1.372,244.015,944.532
46.590,-1.904,0.228,1.374,242.814,944.606
46.640,-1.863,0.227,1.376,243.684,943.854
46.690,-1.898,0.229,1.355,243.727,943.361
46.740,-1.875,0.230,1.356,242.614,943.524
46.790,-1.942,0.229,1.377,243.400,944.309
46.841,-1.715,0.229,1.379,242.256,945.789
46.891,-1.784,0.229,1.365,243.245,943.705
46.940,-1.835,0.228,1.357,244.454,941.877
46.990,-1.832,0.226,1.383,242.854,941.450
47.040,-1.833,0.227,1.383,244.324,943.815
47.090,-1.852,0.228,1.376,243.442,942.620
47.140,-1.854,0.229,1.378,244.110,940.684
47.190,-1.948,0.231,1.387,243.735,939.944
47.240,-1.771,0.231,1.385,242.848,937.320
47.290,-1.930,0.226,1.365,243.931,936.678
47.340,-1.763,0.225,1.368,243.935,936.553
47.391,-1.945,0.229,1.370,244.271,936.338
47.440,-1.780,0.229,1.375,244.218,936.435
47.490,-1.901,0.229,1.375,242.970,933.677
47.540,-1.829,0.228,1.367,243.947,933.608
47.590,-1.870,0.233,1.380,243.690,931.947
47.641,-1.802,0.233,1.380,243.684,930.948
47.690,-1.949,0.234,1.372,245.166,930.749
47.740,-1.748,0.234,1.370,244.284,929.318
47.790,-1.935,0.235,1.377,244.617,928.469
47.840,-1.775,0.234,1.371,244.874,926.372
47.891,-1.660,0.229,1.400,243.686,926.009
47.941,-1.864,0.229,1.388,244.956,924.720
47.991,-1.815,0.229,1.369,243.774,925.661
48.040,-1.739,0.228,1.363,244.822,925.373
48.090,-1.733,0.231,1.362,244.589,926.113
48.140,-1.818,0.230,1.359,244.420,924.973
48.190,-1.845,0.228,1.361,245.055,925.960
48.240,-1.886,0.229,1.372,244.345,928.478
48.290,-1.728,0.226,1.364,244.833,929.894
48.341,-1.901,0.226,1.364,245.443,929.505
48.391,-1.930,0.231,1.369,244.013,929.304
48.440,-1.799,0.229,1.370,245.535,928.114
48.490,-1.951,0.230,1.383,245.967,928.366
48.540,-1.903,0.230,1.383,244.158,930.556
48.590,-1.943,0.228,1.364,245.406,931.519
48.640,-1.770,0.229,1.371,244.337,931.363
48.690,-1.800,0.227,1.365,244.949,931.221
48.741,-1.770,0.227,1.374,244.121,932.310
48.791,-1.773,0.232,1.370,244.453,931.485
48.840,-1.972,0.231,1.377,246.104,933.873
48.890,-1.742,0.227,1.374,245.745,934.512
48.941,-1.779,0.227,1.373,246.294,934.612
48.991,-1.804,0.232,1.377,246.438,933.867
49.040,-1.869,0.229,1.369,245.476,932.777
49.091,-1.656,0.224,1.381,247.178,933.444
49.141,-1.816,0.225,1.380,246.527,933.607
49.190,-1.792,0.232,1.372,246.880,933.455
49.240,-1.881,0.232,1.371,247.165,934.199
49.290,-1.828,0.234,1.355,246.233,932.315
49.340,-1.876,0.234,1.361,246.613,931.282
49.391,-1.768,0.235,1.372,245.361,930.907
49.440,-1.901,0.235,1.364,244.748,934.090
49.490,-1.748,0.228,1.372,246.243,933.725
49.540,-1.874,0.228,1.372,244.592,933.418
49.590,-1.834,0.235,1.380,245.667,931.964
49.640,-1.888,0.233,1.376,245.202,931.269
49.690,-1.826,0.233,1.358,244.155,931.414
49.740,-1.761,0.233,1.372,245.914,931.939
49.790,-1.776,0.234,1.380,244.347,933.343
49.840,-1.858,0.235,1.368,244.705,933.247
49.890,-1.709,0.227,1.382,244.596,933.591
49.940,-1.890,0.226,1.383,243.505,930.161
49.991,-1.905,0.237,1.370,244.782,931.016
50.041,-1.954,0.236,1.369,243.742,932.120
50.091,-1.954,0.235,1.366,243.872,933.272
50.141,-1.716,0.236,1.384,243.859,932.403
50.190,-1.810,0.239,1.371,243.370,931.380
50.240,-1.950,0.238,1.373,245.087,928.966
50.290,-1.821,0.233,1.372,244.281,929.620
50.340,-1.908,0.232,1.380,243.998,930.325
50.390,-1.791,0.231,1.364,245.032,930.734
50.440,-1.803,0.231,1.366,243.401,930.863
50.490,-1.705,0.228,1.386,244.562,929.815
50.541,-1.930,0.229,1.379,244.272,928.637
50.591,-2.021,0.231,1.360,244.398,928.951
50.640,-1.819,0.231,1.353,244.114,930.693
50.690,-1.695,0.226,1.379,243.755,930.458
50.740,-1.796,0.227,1.380,244.347,931.376
50.790,-1.809,0.230,1.360,244.433,928.421
50.840,-1.839,0.230,1.369,243.458,927.842
50.890,-1.723,0.229,1.384,243.992,929.508
50.940,-1.792,0.228,1.381,243.903,930.658
50.990,-1.820,0.232,1.372,242.984,930.673
51.040,-1.843,0.231,1.374,244.776,931.643
51.090,-1.796,0.229,1.374,243.260,931.199
51.140,-1.872,0.229,1.367,244.099,930.037
51.190,-1.880,0.229,1.357,244.203,929.688
51.240,-1.706,0.230,1.368,243.677,930.364
51.291,-1.835,0.229,1.357,244.150,930.991
51.341,-1.624,0.228,1.362,243.906,932.231
51.390,-1.810,0.230,1.383,244.757,930.279
51.441,-1.816,0.229,1.372,244.879,928.842
51.490,-1.873,0.230,1.376,243.814,930.544
51.540,-1.686,0.231,1.384,245.151,931.484
51.591,-1.810,0.232,1.373,244.184,931.307
51.641,-1.772,0.229,1.359,245.227,932.299
51.691,-1.830,0.232,1.372,244.430,932.067
51.740,-1.709,0.233,1.372,244.329,931.385
51.790,-1.797,0.236,1.377,245.393,930.960
51.840,-1.741,0.235,1.368,244.077,931.327
51.890,-1.853,0.230,1.369,245.846,934.485
51.940,-1.690,0.230,1.373,245.781,934.192
51.990,-1.807,0.230,1.370,244.232,932.495
52.040,-1.769,0.230,1.361,245.996,930.987
52.090,-1.793,0.231,1.365,245.443,932.586
52.140,-1.654,0.232,1.369,245.372,934.626
52.190,-1.834,0.232,1.376,245.474,935.352
52.240,-1.755,0.233,1.381,244.210,934.224
52.291,-1.794,0.231,1.381,245.786,934.979
52.340,-1.674,0.230,1.377,243.673,934.792
52.390,-1.867,0.228,1.373,243.560,933.342
52.441,-1.811,0.228,1.384,244.599,933.256
52.490,-1.903,0.236,1.368,243.217,935.995
52.541,-1.789,0.236,1.369,244.760,936.850
52.590,-1.833,0.236,1.363,244.625,935.546
52.640,-1.854,0.235,1.362,243.076,934.494
52.691,-1.772,0.236,1.357,244.066,935.954
52.740,-1.705,0.236,1.365,244.206,938.692
52.791,-1.812,0.230,1.374,243.316,939.391
52.841,-1.749,0.230,1.368,243.075,939.168
52.891,-1.754,0.230,1.372,242.992,940.262
52.941,-1.915,0.229,1.366,243.327,938.096
52.990,-1.920,0.227,1.354,242.600,938.093
53.041,-1.809,0.226,1.351,241.201,939.257
53.091,-1.769,0.231,1.369,242.800,940.467
53.140,-1.867,0.232,1.364,242.124,942.302
53.190,-1.754,0.226,1.369,242.835,943.102
53.240,-1.830,0.226,1.375,242.030,940.944
53.291,-1.907,0.237,1.356,241.298,941.889
53.340,-1.817,0.238,1.371,242.972,943.060
53.390,-1.732,0.238,1.367,241.320,945.197
53.441,-1.780,0.239,1.366,242.729,944.043
53.490,-1.784,0.237,1.371,242.375,944.189
53.540,-1.758,0.236,1.378,241.087,943.024
53.590,-1.886,0.223,1.368,242.069,943.727
53.640,-1.911,0.224,1.374,241.560,943.895
53.690,-1.780,0.231,1.380,240.994,943.498
53.740,-1.817,0.233,1.384,241.842,942.305
53.790,-1.738,0.233,1.384,241.067,941.760
53.840,-1.803,0.233,1.364,242.369,939.428
53.891,-1.745,0.230,1.367,240.959,938.082
53.940,-1.897,0.228,1.368,241.078,940.887
53.990,-1.703,0.226,1.370,243.371,940.087
54.040,-1.768,0.226,1.363,241.597,939.892
54.090,-1.797,0.231,1.367,243.385,938.163
54.140,-1.777,0.230,1.367,243.097,935.714
54.190,-1.900,0.231,1.367,241.792,935.634
54.240,-1.771,0.232,1.382,243.043,935.062
54.290,-1.742,0.235,1.366,241.711,935.087
54.340,-2.045,0.236,1.358,242.675,934.491
54.390,-1.705,0.230,1.377,242.692,933.634
54.440,-1.825,0.231,1.372,242.100,930.985
54.490,-1.865,0.230,1.367,243.056,930.915
54.540,-1.788,0.231,1.373,242.169,932.363
54.590,-1.681,0.229,1.361,242.701,932.153
54.640,-1.788,0.228,1.363,242.509,930.811
54.690,-1.799,0.232,1.372,242.363,928.841
54.740,-1.756,0.232,1.377,242.829,928.244
54.790,-1.772,0.228,1.382,241.910,927.951
54.841,-1.835,0.228,1.389,242.475,928.938
54.890,-1.747,0.232,1.385,242.281,928.843
54.940,-1.858,0.232,1.370,241.352,928.267
54.990,-1.717,0.229,1.373,242.725,927.250
55.040,-1.904,0.229,1.375,241.420,926.566
55.090,-1.747,0.235,1.373,240.759,925.335
55.140,-1.813,0.235,1.358,242.127,928.056
55.191,-1.845,0.233,1.364,240.542,929.240
55.240,-1.864,0.233,1.369,241.418,929.373
55.290,-1.818,0.231,1.368,241.414,928.351
55.341,-1.764,0.230,1.371,241.064,928.506
55.390,-1.732,0.230,1.370,241.855,927.927
55.441,-1.621,0.232,1.374,239.711,928.101
55.490,-1.771,0.230,1.374,240.915,930.118
55.540,-1.913,0.230,1.386,240.654,931.476
55.590,-1.991,0.230,1.381,240.332,928.951
55.641,-1.673,0.231,1.368,241.124,927.393
55.690,-1.839,0.230,1.372,240.755,923.796
55.741,-1.808,0.230,1.372,241.200,923.375
55.790,-1.742,0.230,1.369,241.664,925.106
55.840,-1.756,0.231,1.359,239.811,923.441
55.890,-1.790,0.231,1.365,240.884,922.027
55.940,-1.817,0.230,1.356,241.736,920.215
55.990,-1.777,0.231,1.361,240.465,921.494
56.040,-1.781,0.230,1.369,241.251,921.476
56.091,-1.981,0.235,1.365,240.731,922.969
56.140,-1.818,0.234,1.362,240.331,925.147
56.190,-1.824,0.234,1.371,241.276,926.760
56.240,-1.892,0.232,1.365,240.292,926.095
56.290,-1.801,0.230,1.369,241.971,926.496
56.340,-1.797,0.230,1.366,241.244,928.739
56.391,-1.875,0.231,1.364,242.673,930.889
56.440,-1.956,0.230,1.373,242.556,931.658
56.490,-1.757,0.232,1.383,241.584,930.499
56.540,-1.826,0.232,1.379,243.235,928.959
56.590,-1.918,0.235,1.371,243.060,930.881
56.641,-1.602,0.235,1.374,243.843,931.450
56.690,-1.772,0.227,1.376,243.262,933.409
56.740,-1.829,0.227,1.373,242.017,932.360
56.790,-1.914,0.228,1.365,242.203,931.717
56.840,-1.662,0.228,1.384,242.347,931.475
56.891,-1.718,0.225,1.375,243.038,931.588
56.940,-1.769,0.226,1.376,243.566,933.443
56.990,-1.823,0.230,1.371,242.368,934.364
57.040,-1.713,0.230,1.375,243.558,935.149
57.090,-1.759,0.234,1.376,242.339,933.889
57.141,-1.728,0.235,1.363,243.461,935.168
57.191,-1.996,0.228,1.362,243.397,936.110
57.241,-1.979,0.223,1.354,242.001,938.927
57.290,-1.784,0.225,1.371,242.857,939.971
57.340,-1.814,0.224,1.373,242.948,940.537
57.390,-1.809,0.233,1.370,242.610,941.309
57.441,-1.714,0.235,1.384,243.426,941.465
57.490,-1.804,0.231,1.393,240.542,940.231
57.541,-1.845,0.237,1.378,242.223,942.147
57.590,-1.847,0.237,1.380,242.635,943.672
57.640,-1.643,0.237,1.374,241.411,944.889
57.690,-1.766,0.230,1.374,242.962,943.527
57.741,-1.820,0.230,1.379,241.445,944.311
57.790,-1.870,0.233,1.387,242.523,945.196
57.841,-2.042,0.229,1.355,243.016,946.322
57.890,-1.862,0.229,1.362,242.500,947.402
57.941,-1.768,0.230,1.383,243.425,948.137
57.991,-1.812,0.230,1.378,243.488,946.923
58.040,-1.730,0.227,1.364,243.466,946.884
58.091,-1.630,0.224,1.366,244.207,945.981
58.141,-1.785,0.230,1.382,243.504,944.275
58.190,-1.794,0.232,1.386,245.043,946.000
58.240,-1.710,0.230,1.387,243.957,945.784
58.290,-1.641,0.228,1.381,243.232,944.436
58.341,-1.754,0.229,1.382,244.015,943.199
58.390,-1.842,0.229,1.378,243.087,941.891
58.441,-1.759,0.230,1.382,243.457,942.317
58.490,-1.693,0.229,1.383,243.211,944.681
58.540,-1.758,0.231,1.380,242.969,943.908
58.590,-1.752,0.231,1.389,243.312,943.997
58.640,-1.759,0.228,1.371,242.909,942.171
58.691,-1.625,0.226,1.370,243.101,942.232
58.741,-1.800,0.232,1.368,242.589,943.010
58.791,-1.815,0.232,1.370,241.820,944.758
58.840,-1.693,0.230,1.371,243.042,944.283
58.891,-1.968,0.228,1.364,242.961,943.624
58.940,-1.868,0.230,1.370,242.795,942.080
58.991,-1.774,0.230,1.369,243.353,941.398
59.041,-1.932,0.230,1.384,242.696,944.729
59.090,-1.715,0.230,1.385,243.423,944.000
59.140,-1.841,0.230,1.374,243.144,941.785
59.190,-1.750,0.231,1.375,242.633,939.704
59.240,-1.812,0.226,1.377,243.622,937.480
59.291,-1.681,0.226,1.364,242.208,936.746
59.340,-1.762,0.227,1.377,242.963,936.338
59.390,-1.697,0.225,1.381,243.063,936.818
59.441,-1.874,0.230,1.389,242.558,937.171
59.490,-1.654,0.230,1.383,243.485,935.394
59.540,-1.891,0.233,1.357,241.667,935.049
59.591,-1.727,0.232,1.353,242.738,933.737
59.641,-1.831,0.232,1.370,242.999,935.231
59.690,-1.712,0.231,1.365,241.322,936.882
59.740,-1.786,0.236,1.374,243.003,935.582
59.790,-1.765,0.236,1.372,242.635,934.083
59.840,-1.814,0.232,1.370,242.567,933.583
59.890,-1.623,0.232,1.380,242.965,934.521
59.941,-1.739,0.232,1.359,242.008,933.925
59.990,-1.716,0.233,1.360,242.681,935.339
60.041,-1.793,0.224,1.377,242.070,935.450
60.090,-1.638,0.225,1.376,242.661,934.444
60.140,-1.834,0.229,1.375,242.976,930.399
60.190,-1.728,0.229,1.383,241.873,928.473
60.240,-1.906,0.227,1.361,242.558,929.017
60.291,-1.680,0.229,1.367,242.435,928.663
60.341,-1.693,0.229,1.357,241.927,928.357
60.390,-1.920,0.229,1.352,242.584,925.956
60.440,-1.867,0.227,1.384,242.051,924.300
60.490,-1.612,0.229,1.378,242.368,923.957
60.541,-1.736,0.230,1.375,241.066,924.304
60.590,-1.800,0.230,1.370,241.543,923.962
60.640,-1.830,0.237,1.366,242.371,923.848
60.690,-1.784,0.237,1.359,241.443,922.936
60.740,-1.731,0.235,1.376,242.497,921.063
60.790,-1.785,0.236,1.376,242.484,918.834
60.840,-1.789,0.229,1.369,241.395,919.806
60.890,-1.769,0.228,1.370,242.847,921.225
60.940,-1.667,0.226,1.371,241.457,921.188
60.990,-1.762,0.226,1.375,241.925,919.134
61.040,-1.752,0.228,1.361,242.934,917.759
61.091,-1.774,0.229,1.365,241.077,918.356
61.140,-1.718,0.228,1.380,242.633,919.959
61.190,-1.832,0.228,1.383,241.440,919.717
61.240,-1.728,0.227,1.362,241.454,919.576
61.290,-1.815,0.229,1.359,242.868,919.359
61.340,-1.679,0.227,1.367,241.041,917.718
61.390,-1.715,0.226,1.374,242.096,917.370
61.441,-1.799,0.232,1.368,241.980,917.759
61.490,-1.774,0.231,1.363,241.550,919.974
61.540,-1.746,0.232,1.370,241.851,920.413
61.591,-1.879,0.231,1.371,241.030,920.773
61.640,-1.779,0.230,1.370,242.358,919.602
61.691,-1.737,0.231,1.375,242.244,920.634
61.740,-1.721,0.226,1.385,240.941,923.062
61.791,-1.733,0.227,1.380,241.874,923.517
61.840,-1.766,0.231,1.358,241.361,924.239
61.890,-1.821,0.232,1.364,240.664,923.875
61.940,-1.734,0.227,1.374,241.029,923.204
61.990,-1.797,0.227,1.379,240.117,922.824
62.041,-1.817,0.228,1.381,241.793,922.922
62.090,-1.845,0.229,1.380,241.086,925.953
62.140,-1.697,0.226,1.373,241.116,925.201
62.190,-1.707,0.226,1.370,241.063,923.238
62.240,-1.727,0.229,1.372,240.302,922.296
62.290,-1.754,0.230,1.371,241.213,923.699
62.341,-1.822,0.231,1.377,240.601,923.251
62.390,-1.760,0.233,1.379,240.196,924.862
62.440,-1.711,0.235,1.386,241.868,924.702
62.490,-1.756,0.234,1.375,241.081,924.441
62.540,-1.679,0.230,1.383,242.237,923.244
62.590,-1.783,0.228,1.387,242.209,922.257
62.640,-1.851,0.226,1.382,241.399,923.375
62.690,-2.078,0.225,1.375,241.913,924.869
62.740,-1.791,0.228,1.390,240.455,926.400
62.790,-1.803,0.227,1.381,241.171,925.107
62.840,-1.754,0.231,1.379,241.776,923.950
62.890,-1.794,0.230,1.375,240.765,924.143
62.940,-1.775,0.224,1.377,242.134,924.394
62.990,-1.854,0.225,1.372,241.857,925.949
63.040,-1.768,0.233,1.377,241.397,925.579
63.090,-1.850,0.231,1.370,241.649,1028.876
63.140,-1.760,0.227,1.392,240.576,1036.674
63.191,-1.640,0.227,1.395,241.776,1017.917
63.240,-1.758,0.232,1.371,241.505,1000.523
63.290,-1.774,0.234,1.369,240.596,984.744
63.340,-1.830,0.225,1.376,241.372,972.395
63.391,-1.605,0.225,1.373,240.429,961.429
63.440,-1.842,0.228,1.383,241.284,951.222
63.490,-1.725,0.229,1.385,240.664,944.035
63.540,-1.793,0.229,1.360,240.749,941.930
63.590,-1.728,0.228,1.371,241.669,936.608
63.640,-1.788,0.226,1.389,240.528,932.977
63.690,-1.854,0.228,1.390,241.827,928.915
63.740,-1.717,0.221,1.373,241.166,925.445
63.790,-1.723,0.220,1.368,240.514,921.242
63.840,-1.788,0.220,1.369,241.663,922.084
63.890,-1.635,0.219,1.363,240.184,921.483
63.941,-1.828,0.212,1.340,241.107,919.746
63.991,-1.881,0.214,1.321,241.334,919.565
64.040,-1.791,0.212,1.316,239.617,916.014
64.090,-1.902,0.212,1.313,240.870,916.008
64.140,-1.662,0.205,1.304,240.833,917.421
64.190,-1.766,0.205,1.292,240.621,915.319
64.240,-1.621,0.200,1.280,240.991,917.106
64.290,-1.677,0.200,1.273,240.181,914.648
64.341,-1.664,0.199,1.260,241.631,914.649
64.390,-1.729,0.200,1.254,240.974,913.234
64.440,-1.643,0.192,1.237,240.063,914.668
64.490,-1.735,0.192,1.223,241.445,915.892
64.540,-1.704,0.187,1.217,240.716,916.272
64.590,-1.735,0.188,1.192,240.890,915.454
64.641,-1.616,0.177,1.195,241.002,914.330
64.691,-1.891,0.178,1.163,240.591,914.470
64.740,-1.780,0.172,1.170,241.787,915.032
64.790,-1.981,0.172,1.149,241.649,918.093
64.840,-2.046,0.167,1.150,240.907,916.940
64.891,-1.971,0.169,1.133,241.541,917.690
64.940,-1.649,0.161,1.152,240.587,916.487
64.991,-1.794,0.163,1.104,241.670,915.796
65.041,-1.729,0.158,1.111,240.481,914.696
65.090,-2.066,0.159,1.089,240.882,919.615
65.141,-1.850,0.155,1.095,241.292,918.284
65.190,-1.827,0.153,1.072,240.873,917.526
65.241,-1.791,0.152,1.088,242.271,917.014
65.290,-1.601,0.153,1.051,241.696,916.794
65.340,-1.721,0.144,1.054,240.936,917.320
65.390,-1.904,0.145,1.023,241.501,919.366
65.441,-1.773,0.141,1.014,240.259,918.884
65.490,-1.813,0.143,1.012,240.595,919.275
65.540,-1.937,0.133,1.007,239.619,918.165
65.590,-1.680,0.134,1.002,240.065,917.716
65.640,-1.635,0.133,1.001,240.275,918.226
65.690,-1.850,0.132,0.968,239.366,918.164
65.740,-1.846,0.127,0.973,240.404,919.458
65.790,-1.759,0.127,0.964,239.922,917.908
65.841,-1.776,0.124,0.956,238.625,917.131
65.890,-1.742,0.124,0.943,239.388,916.087
65.941,-1.727,0.115,0.942,237.857,915.703
65.990,-1.728,0.114,0.918,238.414,917.716
66.040,-1.735,0.115,0.921,238.671,918.174
66.090,-1.780,0.115,0.907,237.674,916.173
66.140,-1.825,0.110,0.912,238.249,915.175
66.190,-1.905,0.108,0.889,238.197,912.592
66.240,-1.811,0.107,0.907,237.844,913.845
66.290,-1.842,0.107,0.865,238.676,913.493
66.340,-1.722,0.100,0.860,236.194,913.951
66.391,-1.681,0.101,0.848,236.966,913.806
66.440,-1.819,0.094,0.849,236.749,910.306
66.490,-1.778,0.094,0.832,234.901,909.791
66.541,-1.801,0.093,0.840,235.530,909.921
66.591,-1.722,0.093,0.809,233.302,909.803
66.640,-1.788,0.091,0.810,234.207,907.918
66.690,-1.631,0.091,0.797,234.335,904.705
66.740,-1.734,0.085,0.796,233.085,901.219
66.790,-1.667,0.087,0.784,234.649,899.289
66.840,-1.930,0.078,0.770,233.670,899.982
66.891,-1.664,0.080,0.756,232.241,898.988
66.940,-1.762,0.075,0.762,232.542,897.800
66.990,-1.735,0.075,0.750,230.748,898.031
67.040,-1.852,0.071,0.741,230.978,895.952
67.090,-1.694,0.073,0.731,230.085,892.644
67.140,-1.763,0.069,0.733,229.629,890.837
67.190,-1.834,0.069,0.728,230.869,889.063
67.240,-1.741,0.059,0.715,228.751,886.459
67.290,-1.725,0.059,0.710,229.697,885.628
67.340,-1.581,0.056,0.704,229.141,881.836
67.390,-1.719,0.055,0.678,227.361,880.643
67.441,-1.782,0.056,0.677,228.928,880.146
67.490,-1.995,0.055,0.653,227.621,881.491
67.540,-1.763,0.050,0.662,227.650,881.015
67.590,-1.658,0.048,0.651,225.909,877.398
67.640,-1.835,0.048,0.654,225.947,871.808
67.691,-2.077,0.046,0.617,227.308,867.924
67.740,-1.804,0.045,0.621,226.929,865.594
67.790,-1.753,0.046,0.630,226.542,862.169
67.840,12.902,0.041,0.622,226.599,860.925
67.890,12.902,0.045,0.592,223.748,859.151
67.941,12.902,0.040,0.589,224.818,858.803
67.990,12.902,0.041,0.590,223.921,855.730
68.040,12.902,0.025,0.585,223.236,855.608
68.090,12.902,0.026,0.569,224.096,854.911
68.140,12.902,0.030,0.575,222.127,852.689
68.190,12.902,0.029,0.557,222.675,849.909
68.240,12.902,0.029,0.557,221.812,846.741
68.290,12.902,0.029,0.545,222.382,843.992
68.340,12.902,0.024,0.535,221.316,843.313
68.390,-1.841,0.024,0.516,219.921,843.093
68.440,-1.812,0.016,0.506,220.006,842.698
68.490,-1.712,0.017,0.530,219.209,841.468
68.540,-1.823,0.011,0.530,218.089,840.876
68.590,-1.841,0.011,0.501,218.587,837.782
68.640,-1.789,0.013,0.507,217.423,834.289
68.690,-1.786,0.013,0.484,218.432,831.727
68.740,-1.588,0.010,0.479,217.345,829.022
68.790,-1.819,0.010,0.468,216.780,827.884
68.841,-1.764,0.005,0.464,217.378,825.691
68.891,-1.639,0.006,0.474,215.035,822.845
68.941,-1.740,0.002,0.464,214.579,821.952
68.991,-1.802,0.001,0.450,214.598,822.732
69.040,-1.909,0.000,0.447,212.429,821.864
69.091,-1.784,-0.007,0.413,213.036,820.742
69.140,-1.954,-0.008,0.421,213.132,815.929
69.190,-1.620,-0.008,0.406,211.862,812.378
69.240,-1.634,-0.009,0.408,212.243,811.701
69.290,-1.638,-0.010,0.397,210.779,811.635
69.340,-1.668,-0.009,0.396,211.195,810.833
69.390,-1.635,-0.010,0.386,209.728,809.896
69.441,-1.629,-0.013,0.384,209.174,808.812
69.490,-1.644,-0.012,0.383,208.671,806.907
69.540,-1.625,-0.016,0.376,207.749,807.081
69.590,-1.673,-0.017,0.364,208.313,804.761
69.641,-1.780,-0.019,0.363,208.089,802.627
69.690,-1.799,-0.019,0.353,206.715,799.316
69.741,-1.790,-0.025,0.359,208.109,795.593
69.790,-2.002,-0.028,0.323,207.272,791.942
69.840,-1.947,-0.027,0.332,205.016,790.317
69.891,-1.841,-0.028,0.319,204.222,790.283
69.941,-2.006,-0.028,0.313,202.917,790.399
69.990,-1.892,-0.026,0.325,202.117,787.751
70.041,-1.754,-0.035,0.327,201.075,786.999
70.090,-1.920,-0.035,0.314,199.780,783.713
70.140,-1.716,-0.035,0.306,200.666,778.496
70.190,-1.656,-0.036,0.301,198.985,777.921
70.240,-1.713,-0.037,0.293,199.397,775.731
70.290,-1.956,-0.037,0.291,198.835,772.642
70.340,-1.609,-0.039,0.289,197.182,768.814
70.391,-1.845,-0.039,0.261,196.506,767.523
70.440,-1.804,-0.040,0.263,194.650,768.140
70.490,-1.640,-0.046,0.259,195.089,766.120
70.540,12.902,-0.048,0.259,194.481,766.808
70.591,12.902,-0.048,0.252,193.281,764.307
70.640,12.902,-0.046,0.254,194.046,757.041
70.690,12.902,-0.046,0.257,193.119,753.007
70.740,12.902,-0.047,0.256,192.728,749.602
70.790,12.902,-0.050,0.242,192.302,749.126
70.840,12.902,-0.052,0.233,189.481,746.939
70.890,12.902,-0.055,0.220,189.567,745.140
70.941,12.902,-0.054,0.216,188.258,741.916
70.991,12.902,-0.059,0.214,187.891,740.714
71.040,12.902,-0.059,0.210,187.074,739.203
71.090,-1.866,-0.060,0.187,185.790,737.960
71.140,-1.865,-0.060,0.189,186.381,732.985
71.190,-1.956,-0.061,0.190,185.494,728.287
71.240,-1.810,-0.060,0.194,184.533,723.178
71.290,-1.814,-0.068,0.181,184.896,720.083
71.340,-2.034,-0.070,0.175,183.238,719.254
71.390,-1.709,-0.064,0.172,182.096,717.649
71.441,12.902,-0.062,0.172,181.339,716.322
71.490,12.902,-0.068,0.167,180.973,715.029
71.540,12.902,-0.069,0.174,180.789,713.297
71.590,12.902,-0.068,0.148,178.664,709.674
71.640,12.902,-0.068,0.151,179.661,705.027
71.690,12.902,-0.076,0.131,179.477,702.668
71.740,12.902,-0.076,0.131,178.119,700.489
71.790,12.902,-0.074,0.140,177.885,696.683
71.840,12.902,-0.073,0.139,176.422,694.455
71.890,12.902,-0.075,0.132,173.974,692.505
71.940,-1.801,-0.073,0.133,173.931,692.023
71.991,12.902,-0.079,0.125,171.984,690.964
72.040,12.902,-0.080,0.126,172.474,690.988
72.090,12.902,-0.089,0.104,171.721,687.743
72.140,12.902,-0.086,0.109,170.869,682.230
72.191,12.902,-0.083,0.097,171.037,677.467
72.241,12.902,-0.080,0.097,170.171,673.663
72.291,12.902,-0.078,0.086,170.179,671.856
72.340,12.902,-0.078,0.084,168.093,670.798
72.390,12.902,-0.081,0.087,165.784,669.268
72.441,12.902,-0.079,0.085,165.444,668.225
72.490,12.902,-0.091,0.062,164.042,664.522
72.540,12.902,-0.092,0.061,163.025,664.822
72.590,12.902,-0.084,0.070,163.720,661.792
72.640,12.902,-0.083,0.073,161.488,658.254
72.690,12.902,-0.088,0.047,162.187,654.382
72.740,12.902,-0.090,0.051,162.482,648.440
72.790,12.902,-0.093,0.067,160.506,645.518
72.841,12.902,-0.093,0.067,159.879,645.011
72.890,12.902,-0.091,0.033,157.141,642.799
72.941,12.902,-0.091,0.036,157.096,641.333
72.990,12.902,-0.094,0.016,156.614,640.542
73.040,12.902,-0.094,0.021,154.583,639.128
73.090,-1.989,-0.100,0.015,154.953,635.373
73.140,-1.801,-0.099,0.024,153.815,630.282
73.190,12.902,-0.098,0.036,154.200,627.927
73.241,12.902,-0.101,0.026,153.659,623.737
73.291,12.902,-0.101,0.037,152.724,622.326
73.341,12.902,-0.102,0.033,152.486,619.300
73.390,12.902,-0.094,0.031,149.594,615.482
73.440,12.902,-0.094,0.036,149.450,615.297
73.490,12.902,-0.100,0.036,148.421,614.281
73.540,12.902,-0.100,0.026,147.486,614.353
73.590,12.902,-0.102,0.023,147.727,611.630
73.640,12.902,-0.103,0.029,147.253,608.054
73.690,12.902,-0.097,0.023,146.291,602.363
73.740,12.902,-0.098,0.014,146.516,599.086
73.790,12.902,-0.106,-0.000,145.234,599.051
73.841,12.902,-0.105,-0.002,144.242,597.851
73.890,12.902,-0.111,-0.001,143.022,595.565
73.940,12.902,-0.112,0.004,140.243,593.206
73.990,12.902,-0.104,0.015,141.165,591.803
74.040,12.902,-0.104,-0.003,139.377,592.532
74.090,12.902,-0.110,-0.002,139.441,589.211
74.140,12.902,-0.110,-0.011,139.357,585.898
74.190,12.902,-0.109,-0.010,137.838,581.078
74.240,12.902,-0.109,-0.039,138.518,576.461
74.291,12.902,-0.114,-0.030,137.363,573.092
74.341,12.902,-0.111,-0.023,136.012,571.446
74.390,12.902,-0.115,-0.018,134.470,570.617
74.441,12.902,-0.114,-0.018,132.425,570.067
74.491,12.902,-0.114,-0.021,132.665,569.364
74.540,12.902,-0.113,-0.022,131.723,567.201
74.590,12.902,-0.113,-0.024,130.222,563.945
74.640,12.902,-0.112,-0.032,130.457,557.878
74.690,12.902,-0.113,-0.033,129.509,554.986
74.740,12.902,-0.111,-0.036,129.962,551.799
74.790,12.902,-0.116,-0.040,128.775,548.369
74.840,-1.822,-0.117,-0.037,126.708,545.839
74.890,12.902,-0.117,-0.042,126.186,542.611
74.940,12.902,-0.116,-0.048,124.884,542.440
74.990,12.902,-0.110,-0.052,123.599,542.138
75.041,12.902,-0.110,-0.009,123.512,541.765
75.090,12.902,-0.116,-0.013,121.588,537.937
75.140,12.902,-0.117,-0.028,123.165,531.884
75.190,12.902,-0.117,-0.025,120.864,525.050
75.240,12.902,-0.119,-0.034,121.739,523.001
75.290,12.902,-0.117,-0.039,121.254,521.338
75.340,12.902,-0.117,-0.046,118.586,519.366
75.390,-1.819,-0.117,-0.045,118.248,517.218
75.440,-1.567,-0.118,-0.064,115.689,515.391
75.490,12.902,-0.117,-0.061,116.411,513.225
75.540,12.902,-0.118,-0.058,115.676,512.148
75.590,12.902,-0.112,-0.062,113.845,510.993
75.640,12.902,-0.113,-0.069,114.645,507.415
75.690,12.902,-0.126,-0.068,114.415,503.414
75.740,12.902,-0.128,-0.040,113.947,499.575
75.790,12.902,-0.121,-0.039,113.369,495.893
75.840,12.902,-0.121,-0.061,110.755,493.538
75.890,12.902,-0.122,-0.056,110.817,493.412
75.940,12.902,-0.122,-0.053,109.626,492.554
75.990,-0.047,-0.122,-0.059,108.434,491.292
76.040,0.011,-0.122,-0.058,108.734,489.325
76.091,-0.022,-0.122,-0.057,106.710,486.483
76.141,-0.018,-0.122,-0.062,107.650,481.603
76.191,-0.013,-0.121,-0.053,107.505,479.794
76.240,-0.009,-0.122,-0.058,105.949,477.280
76.290,-0.061,-0.121,-0.063,106.128,474.959
76.340,-0.038,-0.120,-0.058,104.880,472.480
76.390,-0.032,-0.120,-0.058,103.466,469.816
76.440,-0.031,-0.120,-0.064,102.521,468.515
76.490,-0.044,-0.119,-0.060,101.651,469.002
76.540,-0.017,-0.120,-0.059,101.763,468.714
76.590,-0.004,-0.119,-0.061,100.887,465.168
76.640,-0.029,-0.119,-0.065,100.615,460.335
76.690,-0.005,-0.118,-0.059,100.828,455.442
76.741,-0.023,-0.119,-0.064,99.282,451.346
76.790,-0.008,-0.117,-0.067,99.407,450.143
76.840,-0.029,-0.118,-0.062,97.904,448.870
76.891,-0.022,-0.117,-0.064,95.338,446.802
76.940,-0.020,-0.117,-0.062,94.725,444.939
76.991,-0.023,-0.116,-0.060,93.544,442.449
77.040,-0.026,-0.117,-0.064,92.533,442.330
77.090,0.004,-0.118,-0.069,92.196,440.534
77.141,-0.022,-0.119,-0.066,90.759,436.798
77.191,-0.038,-0.119,-0.065,91.539,433.014
77.241,0.015,-0.119,-0.059,90.766,429.811
77.291,-0.039,-0.119,-0.064,89.928,426.273
77.341,-0.040,-0.120,-0.068,87.830,423.537
77.390,-0.016,-0.120,-0.067,85.641,423.677
77.440,0.006,-0.120,-0.061,85.666,422.674
77.490,-0.011,-0.121,-0.064,84.775,421.463
77.541,-0.033,-0.121,-0.070,83.696,420.445
77.591,-0.015,-0.121,-0.067,82.947,417.066
77.640,-0.013,-0.121,-0.066,82.398,413.593
77.691,-0.034,-0.121,-0.065,82.475,410.276
77.741,0.020,-0.120,-0.068,82.133,408.387
77.791,-0.022,-0.120,-0.070,80.788,405.949
77.840,-0.022,-0.120,-0.070,79.832,403.588
77.890,-0.017,-0.120,-0.072,77.157,401.183
77.940,-0.027,-0.120,-0.067,77.224,400.141
77.990,0.022,-0.119,-0.071,76.463,400.390
78.040,-0.010,-0.120,-0.069,74.635,399.982
78.091,-0.050,-0.119,-0.069,75.301,396.778
78.141,-0.022,-0.120,-0.065,74.841,392.551
78.191,-0.038,-0.119,-0.072,74.370,387.734
78.240,-0.044,-0.119,-0.068,74.336,385.523
78.290,-0.017,-0.120,-0.070,72.738,383.484
78.340,-0.022,-0.120,-0.068,72.220,382.547
78.390,-0.037,-0.120,-0.066,70.443,381.187
78.441,-0.023,-0.120,-0.064,69.929,379.853
78.490,-0.046,-0.120,-0.069,69.081,377.586
78.540,-0.018,-0.120,-0.067,68.249,377.132
78.590,-0.024,-0.121,-0.069,68.164,375.815
78.640,0.018,-0.120,-0.065,67.795,373.365
78.691,-0.004,-0.120,-0.070,67.252,369.751
78.740,0.023,-0.120,-0.066,67.464,367.269
78.790,-0.035,-0.120,-0.073,65.125,363.806
78.840,-0.012,-0.121,-0.072,64.842,362.774
78.890,-0.035,-0.121,-0.071,63.605,362.104
78.941,-0.010,-0.120,-0.066,62.060,361.363
78.990,-0.023,-0.121,-0.073,62.317,360.624
79.040,-0.020,-0.121,-0.073,61.598,359.022
79.090,-0.046,-0.121,-0.073,61.108,356.296
79.140,-0.024,-0.122,-0.068,60.729,352.959
79.190,-0.024,-0.122,-0.073,59.461,351.501
79.240,-0.013,-0.121,-0.072,60.464,349.208
79.290,-0.014,-0.121,-0.068,59.185,347.468
79.340,-0.030,-0.122,-0.076,58.349,345.707
79.391,-0.025,-0.122,-0.072,57.384,343.518
79.440,-0.019,-0.121,-0.074,55.537,342.388
79.490,0.021,-0.121,-0.066,56.047,342.502
79.540,0.021,-0.121,-0.070,55.730,342.470
79.590,-0.018,-0.122,-0.075,54.978,340.502
79.640,-0.001,-0.121,-0.067,55.059,336.865
79.690,-0.013,-0.123,-0.074,53.715,331.981
79.741,-0.033,-0.123,-0.077,54.424,329.397
79.791,-0.004,-0.121,-0.072,53.948,328.412
79.840,-0.012,-0.122,-0.077,51.935,327.479
79.890,-0.010,-0.123,-0.076,51.857,326.173
79.940,-0.024,-0.124,-0.075,49.894,324.706
79.990,-0.010,-0.121,-0.072,49.669,322.310
80.040,-0.034,-0.122,-0.074,49.914,322.132
80.090,-0.049,-0.122,-0.078,49.450,321.165
80.140,-0.014,-0.122,-0.077,49.376,317.466
80.190,-0.022,-0.122,-0.074,49.352,314.272
80.241,-0.038,-0.122,-0.077,48.938,311.882
80.291,-0.011,-0.122,-0.078,48.070,308.850
80.340,-0.045,-0.122,-0.077,46.077,307.473
80.391,-0.072,-0.123,-0.080,46.568,306.502
80.440,-0.002,-0.122,-0.076,46.021,306.818
80.491,-0.015,-0.122,-0.082,45.029,306.029
80.540,-0.013,-0.123,-0.081,44.896,304.668
80.590,0.004,-0.122,-0.077,43.918,302.413
80.641,-0.088,-0.122,-0.083,44.368,299.056
80.690,-0.027,-0.123,-0.079,43.799,298.068
80.740,-0.010,-0.123,-0.083,42.996,296.660
80.790,-0.027,-0.123,-0.080,43.427,295.123
80.840,-0.023,-0.123,-0.087,41.307,293.394
80.890,-0.037,-0.122,-0.086,41.443,291.028
80.941,0.018,-0.122,-0.081,41.087,290.094
80.991,-0.025,-0.123,-0.080,39.571,290.926
81.040,-0.018,-0.123,-0.085,40.267,290.751
81.090,-0.017,-0.122,-0.088,39.476,289.342
81.141,-0.033,-0.123,-0.079,39.472,286.172
81.190,-0.029,-0.123,-0.085,39.635,282.792
81.241,-0.018,-0.123,-0.082,38.282,281.010
81.290,-0.016,-0.123,-0.085,38.815,280.727
81.340,-0.017,-0.123,-0.081,38.406,279.747
81.390,-0.048,-0.124,-0.081,36.664,278.609
81.440,-0.035,-0.123,-0.082,36.902,276.839
81.490,-0.015,-0.123,-0.083,35.540,275.604
81.540,-0.042,-0.124,-0.089,35.977,275.292
81.590,-0.040,-0.123,-0.085,35.606,275.292
81.640,0.012,-0.123,-0.082,34.589,273.457
81.691,-0.091,-0.123,-0.088,35.257,270.927
81.741,-0.068,-0.124,-0.084,34.040,268.995
81.790,-0.018,-0.124,-0.083,34.561,266.412
81.840,0.023,-0.123,-0.077,34.439,266.202
81.891,-0.053,-0.125,-0.085,33.129,265.009
81.940,0.012,-0.124,-0.079,32.986,265.557
81.991,-0.084,-0.125,-0.085,31.454,264.913
82.041,-0.094,-0.124,-0.091,32.357,264.207
82.090,0.007,-0.124,-0.081,31.983,261.004
82.140,0.012,-0.124,-0.080,31.235,259.389
82.190,-0.065,-0.124,-0.085,31.761,256.470
82.241,-0.006,-0.123,-0.079,31.364,255.328
82.290,-0.005,-0.124,-0.079,30.302,253.721
82.340,-0.014,-0.124,-0.086,30.509,251.721
82.390,-0.017,-0.125,-0.085,28.830,249.544
82.440,-0.021,-0.124,-0.083,29.525,249.288
82.490,-0.027,-0.124,-0.085,28.921,249.554
82.540,-0.045,-0.124,-0.088,28.336,249.191
82.591,-0.094,-0.124,-0.088,28.371,247.741
82.640,-0.066,-0.124,-0.087,27.290,244.992
82.690,0.012,-0.124,-0.083,27.762,241.653
82.741,-0.071,-0.125,-0.088,27.430,239.616
82.791,-0.077,-0.125,-0.086,27.785,238.524
82.840,-0.079,-0.124,-0.086,27.221,238.657
82.890,-0.080,-0.124,-0.090,25.633,238.075
82.940,-0.063,-0.125,-0.087,26.235,236.803
82.990,-0.058,-0.124,-0.090,25.918,235.180
83.041,-0.060,-0.123,-0.092,24.946,234.846
83.091,-0.085,-0.123,-0.095,25.682,234.205
83.141,0.005,-0.123,-0.085,25.311,232.911
83.190,-0.030,-0.123,-0.091,24.861,230.584
83.240,-0.012,-0.123,-0.091,25.263,228.101
83.290,0.011,-0.123,-0.088,24.015,226.426
83.341,-0.066,-0.124,-0.092,24.528,225.077
83.390,-0.004,-0.123,-0.085,24.001,225.676
83.441,-0.079,-0.124,-0.093,23.450,224.943
83.491,-0.031,-0.124,-0.081,23.543,224.711
83.540,0.005,-0.122,-0.078,22.281,223.746
83.591,-0.070,-0.124,-0.088,22.953,222.259
83.640,-0.011,-0.124,-0.085,22.524,219.746
83.691,-0.010,-0.123,-0.082,21.565,218.498
83.741,-0.006,-0.122,-0.079,22.795,217.100
83.790,-0.085,-0.123,-0.092,21.270,215.748
83.841,-0.094,-0.124,-0.094,21.648,214.455
83.890,0.011,-0.123,-0.084,21.557,212.443
83.941,-0.076,-0.124,-0.095,20.318,211.580
83.990,-0.073,-0.124,-0.093,20.700,211.786
84.041,-0.075,-0.124,-0.095,19.895,212.365
84.090,0.009,-0.123,-0.087,19.184,210.790
84.140,-0.025,-0.125,-0.090,20.262,207.574
84.191,-0.001,-0.124,-0.086,19.556,205.018
84.240,-0.053,-0.124,-0.092,20.002,203.788
84.290,-0.015,-0.124,-0.087,19.916,203.610
84.340,0.001,-0.124,-0.086,18.322,202.684
84.390,0.002,-0.124,-0.083,19.082,201.685
84.440,-0.056,-0.125,-0.091,17.719,200.262
84.491,-0.075,-0.125,-0.094,18.409,199.356
84.540,-0.086,-0.125,-0.093,17.911,198.972
84.591,-0.070,-0.126,-0.092,17.617,198.071
84.641,-0.077,-0.125,-0.093,17.556,196.460
84.690,-0.089,-0.125,-0.093,16.695,195.639
84.741,-0.082,-0.124,-0.096,17.539,193.861
84.790,-0.011,-0.125,-0.082,17.565,191.813
84.841,-0.053,-0.125,-0.090,16.308,190.870
84.891,-0.008,-0.124,-0.084,16.774,191.117
84.940,-0.076,-0.124,-0.092,15.589,191.352
84.990,-0.016,-0.124,-0.081,15.627,190.785
85.041,-0.074,-0.125,-0.087,15.510,190.379
85.090,-0.010,-0.124,-0.082,15.391,187.808
85.140,-0.052,-0.125,-0.092,15.600,186.571
85.191,-0.076,-0.125,-0.090,14.970,185.134
85.240,-0.001,-0.123,-0.086,14.445,184.549
85.291,0.023,-0.124,-0.088,15.512,183.301
85.340,-0.053,-0.124,-0.086,14.319,181.210
85.390,-0.074,-0.124,-0.095,14.472,180.156
85.441,-0.078,-0.124,-0.088,13.741,179.536
85.491,-0.056,-0.124,-0.090,13.763,179.974
85.541,-0.055,-0.124,-0.094,13.942,180.168
85.590,-0.075,-0.125,-0.092,12.799,179.384
85.641,-0.031,-0.124,-0.084,13.683,177.935
85.691,-0.070,-0.124,-0.092,12.816,175.855
85.740,-0.065,-0.125,-0.092,13.075,173.565
85.791,-0.033,-0.124,-0.082,13.309,173.183
85.841,-0.017,-0.123,-0.081,12.149,173.287
85.890,-0.098,-0.125,-0.093,12.118,172.735
85.941,-0.076,-0.126,-0.096,11.808,172.235
85.990,-0.079,-0.125,-0.092,10.960,170.428
86.040,0.022,-0.124,-0.082,11.756,170.694
86.091,-0.027,-0.123,-0.082,11.736,169.937
86.141,0.001,-0.124,-0.080,11.060,168.432
86.190,-0.069,-0.125,-0.090,11.698,166.487
86.240,0.014,-0.124,-0.083,11.257,164.658
86.291,-0.036,-0.124,-0.082,11.489,163.121
86.341,-0.067,-0.125,-0.090,10.075,161.796
86.390,-0.078,-0.125,-0.088,10.762,161.710
86.441,-0.080,-0.125,-0.087,10.740,161.831
86.491,-0.022,-0.124,-0.080,9.735,161.790
86.541,-0.055,-0.125,-0.091,10.585,161.196
86.590,-0.076,-0.125,-0.089,10.155,158.683
86.640,-0.024,-0.123,-0.082,9.351,157.429
86.690,-0.054,-0.124,-0.091,10.387,156.155
86.740,-0.055,-0.124,-0.092,9.383,155.352
86.790,-0.073,-0.125,-0.094,9.781,154.309
86.840,-0.053,-0.124,-0.092,9.596,153.060
86.890,-0.025,-0.123,-0.080,8.589,151.444
86.940,-0.082,-0.125,-0.092,9.232,150.900
86.990,-0.023,-0.123,-0.080,8.720,151.472
87.040,-0.091,-0.125,-0.087,8.720,151.365
87.091,-0.012,-0.124,-0.079,8.792,151.008
87.140,-0.069,-0.125,-0.085,7.469,148.969
87.190,0.006,-0.124,-0.080,7.935,147.020
87.240,0.026,-0.124,-0.083,8.685,146.837
87.290,-0.068,-0.125,-0.090,7.267,146.543
87.341,-0.078,-0.125,-0.092,7.856,145.994
87.390,-0.071,-0.125,-0.092,6.659,145.415
87.440,-0.070,-0.125,-0.095,7.193,144.998
87.490,-0.020,-0.124,-0.085,6.963,143.645
87.540,-0.073,-0.125,-0.093,6.470,142.809
87.591,-0.077,-0.126,-0.092,6.638,142.824
87.640,-0.085,-0.126,-0.097,5.657,142.217
87.690,-0.068,-0.126,-0.094,6.362,141.067
87.741,-0.086,-0.125,-0.092,6.231,139.544
87.791,-0.068,-0.126,-0.093,5.319,137.779
87.840,-0.056,-0.125,-0.093,6.070,137.513
87.891,-0.020,-0.124,-0.085,5.409,137.308
87.940,-0.028,-0.125,-0.083,4.529,137.549
87.990,-0.056,-0.126,-0.095,5.420,137.071
88.041,-0.012,-0.124,-0.083,4.033,136.873
88.090,-0.012,-0.124,-0.084,4.842,134.733
88.141,-0.069,-0.126,-0.096,4.417,133.391
88.190,-0.071,-0.126,-0.097,4.309,133.482
88.240,-0.057,-0.125,-0.095,5.039,133.008
88.290,-0.076,-0.125,-0.095,3.067,132.359
88.340,-0.071,-0.126,-0.094,2.714,131.261
88.391,-0.006,-0.124,-0.083,1.632,130.623
88.441,-0.075,-0.125,-0.091,0.363,129.482
88.491,-0.070,-0.126,-0.092,-0.235,130.208
88.540,-0.031,-0.125,-0.086,-1.058,130.643
88.590,-0.081,-0.124,-0.090,-1.267,129.860
88.640,-0.071,-0.126,-0.090,-1.704,128.463
88.691,-0.053,-0.125,-0.092,-2.381,127.260
88.740,-0.024,-0.124,-0.083,-2.295,126.767
88.790,-0.025,-0.125,-0.084,-2.110,126.814
88.841,-0.048,-0.125,-0.091,-2.402,126.092
88.890,-0.056,-0.125,-0.084,-2.449,126.288
88.940,-0.040,-0.125,-0.095,-3.356,125.602
88.991,-0.025,-0.124,-0.089,-2.592,125.230
89.040,-0.036,-0.124,-0.088,-2.643,124.598
89.090,-0.086,-0.124,-0.093,-3.255,124.366
89.140,-0.039,-0.124,-0.088,-2.735,123.945
89.191,-0.018,-0.124,-0.086,-3.585,122.819
89.240,-0.081,-0.125,-0.090,-2.784,121.129
89.290,-0.076,-0.125,-0.090,-3.064,119.584
89.341,-0.041,-0.125,-0.092,-3.271,118.844
89.390,-0.065,-0.125,-0.095,-2.763,119.756
89.441,-0.009,-0.125,-0.091,-3.854,119.226
89.491,-0.039,-0.125,-0.090,-2.796,119.404
89.540,-0.055,-0.126,-0.095,-2.904,118.632
89.591,-0.008,-0.126,-0.093,-3.094,117.874
89.641,-0.059,-0.126,-0.091,-2.830,115.385
89.691,-0.059,-0.125,-0.092,-3.841,115.347
89.740,-0.064,-0.125,-0.093,-3.057,115.156
89.790,-0.061,-0.125,-0.092,-2.897,114.732
89.841,-0.031,-0.125,-0.090,-3.477,114.135
89.891,-0.055,-0.126,-0.090,-2.852,112.819
89.940,-0.041,-0.125,-0.092,-3.797,111.950
89.990,-0.026,-0.124,-0.083,-3.995,113.104
90.040,-0.078,-0.125,-0.090,-2.985,113.084
90.090,-0.012,-0.124,-0.085,-3.971,112.608
90.140,-0.067,-0.125,-0.094,-2.976,110.584
90.191,-0.031,-0.125,-0.088,-3.624,109.640
90.241,-0.045,-0.125,-0.092,-3.384,108.176
90.290,-0.033,-0.124,-0.084,-2.830,108.932
90.341,-0.023,-0.125,-0.088,-3.951,108.394
90.391,-0.051,-0.125,-0.089,-3.064,108.397
90.441,-0.016,-0.125,-0.091,-3.492,108.019
90.490,-0.046,-0.125,-0.093,-3.685,106.771
90.540,-0.063,-0.126,-0.094,-2.847,106.515
90.590,-0.007,-0.125,-0.084,-3.134,107.130
90.641,-0.036,-0.125,-0.088,-3.141,106.006
90.690,-0.061,-0.126,-0.095,-2.962,105.189
90.740,-0.041,-0.125,-0.093,-3.998,104.164
90.790,-0.034,-0.125,-0.088,-2.885,103.100
90.840,-0.025,-0.125,-0.082,-2.903,102.751
90.890,-0.046,-0.125,-0.093,-3.349,102.706
90.940,-0.026,-0.125,-0.089,-2.854,102.952
90.990,-0.040,-0.126,-0.092,-3.996,102.527
91.040,-0.033,-0.124,-0.083,-3.265,101.904
91.090,-0.032,-0.126,-0.087,-3.615,100.403
91.140,-0.030,-0.124,-0.086,-3.959,99.899
91.191,-0.029,-0.124,-0.081,-2.859,99.438
91.240,-0.061,-0.125,-0.092,-3.981,99.000
91.290,-0.051,-0.125,-0.089,-2.955,98.593
91.340,-0.024,-0.125,-0.087,-3.239,97.820
91.391,-0.037,-0.125,-0.088,-3.590,96.839
91.441,-0.042,-0.125,-0.088,-2.887,96.407
91.490,-0.041,-0.126,-0.091,-3.847,96.938
91.541,0.003,-0.125,-0.088,-2.755,96.771
91.591,0.022,-0.125,-0.089,-3.654,96.904
91.640,-0.011,-0.126,-0.090,-3.500,96.265
91.690,-0.043,-0.126,-0.086,-2.949,94.801
91.740,-0.041,-0.124,-0.084,-3.334,94.029
91.791,-0.026,-0.126,-0.087,-3.165,94.243
91.840,-0.027,-0.125,-0.086,-3.133,94.464
91.890,0.006,-0.125,-0.090,-3.747,94.573
91.940,-0.047,-0.124,-0.089,-2.894,93.768
91.990,-0.025,-0.125,-0.084,-2.849,92.748
92.040,-0.011,-0.125,-0.086,-3.228,92.661
92.090,-0.005,-0.126,-0.085,-3.012,92.780
92.141,0.017,-0.127,-0.086,-3.876,92.437
92.190,-0.022,-0.126,-0.094,-3.028,92.227
92.240,-0.020,-0.124,-0.087,-2.879,90.867
92.291,-0.003,-0.126,-0.092,-3.406,90.451
92.340,-0.021,-0.126,-0.088,-2.936,89.543
92.390,-0.043,-0.125,-0.093,-3.735,90.186
92.441,-0.044,-0.125,-0.084,-3.482,90.568
92.491,-0.043,-0.125,-0.087,-3.010,90.497
92.541,-0.026,-0.125,-0.087,-3.770,89.895
92.590,-0.058,-0.125,-0.090,-2.863,88.060
92.640,-0.032,-0.126,-0.092,-3.553,87.692
92.690,-0.049,-0.126,-0.094,-3.436,87.752
92.741,-0.038,-0.125,-0.087,-2.903,87.672
92.790,-0.052,-0.126,-0.092,-3.985,86.982
92.840,-0.017,-0.125,-0.088,-3.325,86.129
92.890,-0.029,-0.126,-0.089,-3.203,85.640
92.940,-0.027,-0.126,-0.094,-3.397,85.027
92.990,-0.015,-0.126,-0.093,-2.912,85.721
93.040,-0.014,-0.126,-0.097,-4.146,85.915
93.090,-0.053,-0.125,-0.089,-3.499,85.505
93.141,-0.039,-0.126,-0.090,-3.029,84.695
93.191,-0.024,-0.126,-0.089,-3.912,83.554
93.240,-0.041,-0.126,-0.088,-2.960,83.153
93.290,-0.013,-0.125,-0.088,-4.003,83.173
93.340,-0.053,-0.125,-0.083,-3.720,83.770
93.390,0.003,-0.126,-0.083,-3.609,83.280
93.440,-0.014,-0.126,-0.087,-4.089,83.046
93.490,0.013,-0.125,-0.087,-3.084,82.232
93.540,-0.027,-0.127,-0.085,-3.836,81.714
93.590,-0.027,-0.126,-0.083,-3.794,82.411
93.640,0.004,-0.126,-0.089,-3.186,81.664
93.690,-0.033,-0.126,-0.089,-4.156,81.231
93.740,0.015,-0.125,-0.088,-2.969,80.601
93.791,0.027,-0.126,-0.089,-4.030,79.698
93.840,-0.011,-0.126,-0.089,-3.341,78.697
93.890,-0.002,-0.125,-0.089,-3.022,79.311
93.940,-0.050,-0.125,-0.085,-3.250,79.837
93.990,-0.055,-0.125,-0.083,-3.419,79.620
94.040,-0.025,-0.125,-0.085,-2.935,78.798
94.091,0.008,-0.125,-0.085,-3.297,78.238
94.140,-0.005,-0.126,-0.089,-2.916,77.103
94.191,-0.041,-0.125,-0.084,-3.315,77.761
94.241,-0.029,-0.126,-0.084,-3.357,77.708
94.290,-0.033,-0.126,-0.090,-2.999,77.154
94.340,-0.027,-0.126,-0.089,-4.077,76.245
94.391,-0.025,-0.126,-0.085,-3.004,75.518
94.440,-0.024,-0.125,-0.089,-3.212,75.910
94.490,-0.002,-0.126,-0.084,-3.368,76.067
94.541,-0.022,-0.126,-0.086,-3.042,76.518
94.590,-0.010,-0.126,-0.090,-4.216,75.666
94.640,-0.022,-0.126,-0.085,-3.339,74.529
94.690,-0.007,-0.126,-0.086,-3.204,73.451
94.740,0.002,-0.126,-0.088,-3.373,72.415
94.790,0.005,-0.126,-0.087,-3.356,72.723
94.840,0.005,-0.127,-0.088,-4.342,73.233
94.891,0.004,-0.126,-0.090,-3.154,72.969
94.940,-0.031,-0.127,-0.091,-3.254,72.085
94.991,0.022,-0.127,-0.088,-3.446,71.682
95.040,0.002,-0.126,-0.085,-3.375,71.200
95.091,0.008,-0.127,-0.087,-4.254,71.265
95.140,0.007,-0.126,-0.087,-3.136,71.234
95.190,0.023,-0.127,-0.087,-3.373,70.741
95.240,0.017,-0.127,-0.090,-3.430,70.150
95.290,-0.029,-0.126,-0.089,-3.035,68.802
95.340,0.008,-0.127,-0.091,-3.900,68.276
95.390,0.016,-0.126,-0.088,-3.106,68.815
95.440,0.004,-0.126,-0.094,-3.165,69.280
95.491,0.010,-0.126,-0.093,-3.982,69.213
95.540,0.001,-0.126,-0.087,-2.913,68.841
95.590,0.021,-0.127,-0.089,-3.551,67.390
95.641,-0.006,-0.126,-0.084,-2.950,66.534
95.690,0.020,-0.127,-0.088,-2.957,67.139
95.740,-0.010,-0.126,-0.088,-3.740,66.997
95.791,-0.022,-0.127,-0.089,-2.820,66.907
95.840,0.005,-0.127,-0.093,-3.265,66.669
95.890,0.021,-0.126,-0.087,-3.390,65.347
95.940,0.006,-0.126,-0.089,-2.869,65.383
95.991,-0.015,-0.127,-0.088,-4.078,65.487
96.041,-0.016,-0.126,-0.091,-2.977,65.997
96.091,0.004,-0.126,-0.085,-3.345,65.793
96.141,0.001,-0.126,-0.087,-3.094,65.187
96.191,-0.017,-0.125,-0.087,-2.881,63.920
96.240,-0.016,-0.126,-0.086,-3.921,62.930
96.290,0.005,-0.126,-0.090,-2.914,63.424
96.340,0.005,-0.126,-0.087,-3.056,64.133
96.390,0.003,-0.127,-0.090,-3.866,63.752
96.441,0.010,-0.126,-0.088,-2.828,63.492
96.490,-0.003,-0.127,-0.093,-2.961,62.087
96.541,-0.001,-0.127,-0.088,-2.966,61.785
96.590,0.012,-0.126,-0.086,-2.954,62.522
96.641,-0.035,-0.126,-0.092,-4.219,62.317
96.690,-0.002,-0.126,-0.088,-2.803,61.623
96.740,-0.010,-0.127,-0.089,-3.443,60.663
96.790,0.009,-0.126,-0.089,-3.602,59.511
96.840,-0.006,-0.126,-0.089,-2.921,59.098
96.890,-0.014,-0.127,-0.088,-3.378,60.280
96.940,-0.007,-0.127,-0.089,-2.865,60.116
96.990,-0.014,-0.126,-0.089,-3.251,60.009
97.040,-0.023,-0.127,-0.085,-4.117,59.584
97.091,0.010,-0.126,-0.085,-3.029,59.162
97.140,0.000,-0.126,-0.084,-3.843,57.991
97.190,-0.007,-0.127,-0.090,-3.604,58.717
97.241,0.006,-0.125,-0.084,-3.608,58.326
97.291,0.027,-0.127,-0.084,-3.237,58.379
97.340,0.003,-0.127,-0.091,-2.978,57.552
97.390,-0.015,-0.126,-0.087,-3.569,56.428
97.440,-0.007,-0.126,-0.085,-3.066,56.299
97.490,-0.009,-0.126,-0.087,-2.946,57.637
97.541,0.019,-0.126,-0.088,-3.500,57.375
97.590,0.005,-0.127,-0.081,-2.899,56.896
97.640,-0.001,-0.127,-0.085,-3.488,55.831
97.691,0.024,-0.126,-0.087,-3.162,54.566
97.740,0.016,-0.127,-0.087,-3.168,53.738
97.790,0.003,-0.126,-0.086,-4.047,54.426
97.841,0.020,-0.126,-0.086,-2.851,54.485
97.890,-0.011,-0.127,-0.091,-3.369,54.473
97.940,-0.014,-0.127,-0.090,-3.455,53.847
97.990,-0.011,-0.126,-0.085,-2.800,52.872
98.040,-0.008,-0.127,-0.092,-3.108,53.754
98.090,0.006,-0.126,-0.090,-2.995,53.299
98.140,-0.002,-0.126,-0.086,-3.155,53.117
98.191,-0.000,-0.125,-0.081,-3.283,52.792
98.241,0.008,-0.125,-0.085,-2.924,51.969
98.290,-0.032,-0.126,-0.090,-3.003,50.598
98.341,0.022,-0.125,-0.086,-2.936,50.323
98.390,-0.010,-0.126,-0.090,-2.880,51.348
98.440,0.013,-0.127,-0.084,-4.052,51.187
98.490,-0.001,-0.126,-0.090,-2.844,51.186
98.540,-0.009,-0.126,-0.086,-3.379,50.401
98.590,-0.005,-0.126,-0.091,-3.561,49.152
98.640,0.011,-0.126,-0.089,-3.030,48.984
98.690,-0.028,-0.126,-0.094,-3.692,49.732
98.741,-0.011,-0.125,-0.088,-2.997,49.360
98.790,0.021,-0.126,-0.087,-3.309,49.259
98.840,0.009,-0.125,-0.087,-3.308,48.799
98.890,-0.040,-0.125,-0.097,-2.883,47.686
98.940,0.030,-0.125,-0.088,-3.985,47.511
98.990,-0.001,-0.127,-0.091,-2.889,48.098
99.040,0.019,-0.126,-0.087,-3.176,48.614
99.091,-0.023,-0.127,-0.094,-4.052,48.737
99.140,0.030,-0.126,-0.087,-2.845,47.574
99.190,0.005,-0.126,-0.090,-3.530,46.057
99.240,-0.008,-0.126,-0.090,-4.122,46.754
99.291,0.013,-0.126,-0.087,-3.166,46.516
99.340,0.021,-0.126,-0.089,-4.012,46.840
99.391,0.002,-0.125,-0.092,-2.859,46.792
99.440,0.004,-0.125,-0.088,-3.437,45.851
99.491,0.014,-0.125,-0.089,-3.061,45.369
99.540,0.020,-0.125,-0.086,-2.921,45.297
99.590,-0.030,-0.127,-0.091,-4.025,46.137
99.641,-0.028,-0.126,-0.086,-2.879,45.786
99.691,-0.018,-0.126,-0.096,-3.445,46.199
99.741,-0.037,-0.127,-0.099,-3.852,45.508
99.790,0.024,-0.126,-0.091,-2.872,44.073
99.840,0.008,-0.126,-0.089,-4.186,44.006
99.890,-0.030,-0.126,-0.098,-3.289,45.152
99.940,-0.011,-0.125,-0.084,-3.670,45.075
99.991,-0.028,-0.125,-0.083,-3.162,45.195
100.040,0.002,-0.126,-0.090,-2.818,44.522
100.091,-0.016,-0.127,-0.094,-3.285,43.638
100.141,-0.040,-0.125,-0.087,-2.963,43.151
100.190,-0.027,-0.127,-0.098,-2.933,44.441
100.240,0.000,-0.126,-0.088,-3.989,44.214
100.291,-0.022,-0.125,-0.085,-2.941,44.218
100.341,-0.014,-0.126,-0.083,-4.139,43.921
100.390,0.015,-0.126,-0.086,-3.281,42.385
100.441,-0.037,-0.125,-0.085,-3.240,42.311
100.491,-0.021,-0.126,-0.087,-3.723,43.090
100.540,-0.030,-0.127,-0.089,-3.352,43.893
100.590,0.018,-0.126,-0.089,-3.316,43.463
100.641,-0.028,-0.127,-0.085,-3.234,42.936
100.691,-0.037,-0.126,-0.085,-3.161,42.168
100.741,-0.045,-0.126,-0.084,-3.850,41.228
100.791,-0.030,-0.127,-0.097,-3.389,42.429
100.841,-0.025,-0.126,-0.089,-3.294,42.206
100.890,-0.010,-0.126,-0.091,-3.373,42.277
100.940,0.015,-0.126,-0.085,-2.864,41.112
100.991,-0.028,-0.126,-0.089,-4.008,41.346
101.041,-0.013,-0.127,-0.091,-2.895,40.420
101.090,0.022,-0.126,-0.086,-3.103,41.310
101.140,-0.039,-0.127,-0.096,-4.109,41.719
101.190,-0.009,-0.127,-0.092,-3.343,41.075
101.240,-0.008,-0.127,-0.087,-3.200,40.591
101.291,-0.021,-0.126,-0.086,-2.891,40.298
101.340,-0.013,-0.127,-0.089,-3.202,39.483
101.391,-0.027,-0.127,-0.088,-3.284,39.624
101.441,-0.033,-0.127,-0.084,-2.797,40.378
101.491,-0.032,-0.127,-0.089,-3.887,40.594
101.540,-0.038,-0.127,-0.085,-3.163,40.204
101.591,-0.054,-0.127,-0.095,-2.932,39.430
101.641,-0.024,-0.126,-0.089,-3.602,38.608
101.690,-0.007,-0.126,-0.084,-2.955,39.657
101.740,0.017,-0.126,-0.086,-3.124,39.762
101.790,-0.005,-0.126,-0.088,-3.601,39.558
101.841,-0.033,-0.127,-0.099,-2.928,39.429
101.890,-0.023,-0.126,-0.100,-3.765,38.342
101.940,-0.014,-0.126,-0.094,-2.928,38.295
101.990,-0.017,-0.127,-0.098,-2.781,39.625
102.041,-0.019,-0.125,-0.090,-3.221,39.249
102.091,0.001,-0.127,-0.102,-3.014,39.163
102.140,-0.034,-0.127,-0.093,-4.031,38.299
102.190,-0.010,-0.127,-0.095,-3.933,37.012
102.240,-0.001,-0.127,-0.095,-3.018,37.392
102.290,-0.033,-0.126,-0.089,-3.770,37.649
102.340,-0.020,-0.127,-0.099,-3.174,38.201
102.390,-0.030,-0.126,-0.082,-3.618,37.911
102.440,-0.018,-0.127,-0.094,-3.904,37.483
102.490,-0.017,-0.126,-0.087,-2.933,36.378
102.540,-0.063,-0.127,-0.096,-4.129,36.492
102.590,-0.005,-0.126,-0.087,-2.912,36.920
102.640,-0.050,-0.127,-0.094,-3.069,37.284
102.690,-0.015,-0.126,-0.085,-3.793,36.521
102.740,-0.017,-0.127,-0.088,-2.884,36.172
102.790,-0.021,-0.127,-0.088,-4.102,35.059
102.841,-0.089,-0.128,-0.098,-2.909,34.486
102.891,-0.028,-0.127,-0.085,-3.947,34.773
102.940,-0.045,-0.126,-0.082,-3.777,35.768
102.990,-0.052,-0.126,-0.090,-2.849,35.641
103.040,-0.027,-0.126,-0.087,-3.880,35.073
103.090,-0.011,-0.127,-0.089,-3.270,33.847
103.140,-0.036,-0.127,-0.086,-3.114,34.121
103.190,-0.035,-0.126,-0.085,-3.952,34.471
103.240,-0.034,-0.127,-0.088,-3.007,34.638
103.290,-0.011,-0.126,-0.081,-4.024,34.576
103.341,-0.016,-0.127,-0.094,-3.976,33.799
103.390,-0.016,-0.127,-0.089,-2.876,32.687
103.441,-0.019,-0.127,-0.082,-4.119,32.857
103.491,-0.043,-0.128,-0.092,-3.403,34.051
103.540,-0.022,-0.127,-0.085,-3.151,34.040
103.591,-0.054,-0.127,-0.092,-4.013,33.861
103.641,-0.029,-0.127,-0.085,-2.965,33.035
103.690,-0.014,-0.126,-0.081,-4.027,31.684
103.741,-0.016,-0.126,-0.083,-2.942,31.809
103.790,-0.028,-0.126,-0.087,-3.145,32.543
103.840,-0.068,-0.128,-0.095,-4.067,32.697
103.891,-0.074,-0.128,-0.098,-3.021,32.607
103.940,-0.011,-0.127,-0.090,-3.226,31.568
103.990,-0.012,-0.127,-0.089,-3.070,31.095
104.041,-0.033,-0.127,-0.088,-3.568,30.940
104.090,-0.014,-0.128,-0.085,-3.756,31.797
104.140,-0.013,-0.128,-0.092,-3.314,32.138
104.191,-0.039,-0.127,-0.090,-3.840,31.701
104.241,-0.025,-0.127,-0.090,-2.969,31.408
104.290,-0.014,-0.128,-0.096,-2.950,30.291
104.341,-0.052,-0.128,-0.095,-3.796,30.479
104.391,-0.019,-0.127,-0.090,-2.975,30.747
104.440,-0.029,-0.129,-0.098,-3.035,31.267
104.491,-0.026,-0.126,-0.087,-3.432,31.083
104.540,-0.023,-0.128,-0.094,-3.039,29.958
104.590,-0.021,-0.127,-0.087,-3.860,29.494
104.640,-0.092,-0.128,-0.098,-3.270,29.673
104.691,-0.019,-0.126,-0.086,-3.432,30.087
104.741,-0.072,-0.128,-0.098,-4.226,30.409
104.791,-0.018,-0.128,-0.088,-2.926,30.102
104.841,-0.033,-0.127,-0.084,-4.095,29.901
104.891,-0.039,-0.127,-0.087,-2.986,29.221
104.940,-0.006,-0.127,-0.086,-3.198,28.816
104.990,-0.004,-0.127,-0.088,-3.731,29.448
105.040,-0.093,-0.128,-0.097,-3.087,29.844
105.090,-0.020,-0.127,-0.087,-3.930,29.662
105.140,-0.074,-0.128,-0.097,-3.931,28.807
105.190,-0.027,-0.127,-0.090,-2.968,27.963
105.241,-0.020,-0.127,-0.095,-3.467,27.817
105.290,-0.013,-0.127,-0.092,-2.958,29.011
105.341,-0.032,-0.127,-0.092,-4.083,29.035
105.391,-0.051,-0.127,-0.091,-2.974,29.148
105.440,-0.026,-0.127,-0.087,-3.158,28.679
105.491,-0.057,-0.128,-0.099,-4.266,28.019
105.541,-0.081,-0.128,-0.100,-3.012,27.387
105.591,-0.074,-0.127,-0.100,-2.929,28.659
105.641,-0.023,-0.127,-0.088,-3.374,28.691
105.691,-0.041,-0.128,-0.091,-3.339,28.672
105.741,-0.037,-0.127,-0.091,-4.095,28.290
105.791,-0.039,-0.127,-0.088,-2.926,27.510
105.841,-0.072,-0.128,-0.100,-3.099,27.027
105.890,-0.032,-0.126,-0.091,-3.748,27.824
